TXT_Pack_Name_892001	AI		约旦	约旦	约旦	约旦	约旦	约旦	约旦	约旦	约旦	约旦	约旦	约旦	约旦	约旦	约旦	约旦								
TXT_Pack_Desc_892001	AI		押中加送世界杯冠军抽奖券！	押中加送世界杯冠军抽奖券！	押中加送世界杯冠军抽奖券！	押中加送世界杯冠军抽奖券！	押中加送世界杯冠军抽奖券！	押中加送世界杯冠军抽奖券！	押中加送世界杯冠军抽奖券！	押中加送世界杯冠军抽奖券！	押中加送世界杯冠军抽奖券！	押中加送世界杯冠军抽奖券！	押中加送世界杯冠军抽奖券！	押中加送世界杯冠军抽奖券！	押中加送世界杯冠军抽奖券！	押中加送世界杯冠军抽奖券！	押中加送世界杯冠军抽奖券！	押中加送世界杯冠军抽奖券！								
TXT_Pack_Name_892002	AI		伊朗	伊朗	伊朗	伊朗	伊朗	伊朗	伊朗	伊朗	伊朗	伊朗	伊朗	伊朗	伊朗	伊朗	伊朗	伊朗								
TXT_Pack_Desc_892002	AI		押中加送世界杯冠军抽奖券！	押中加送世界杯冠军抽奖券！	押中加送世界杯冠军抽奖券！	押中加送世界杯冠军抽奖券！	押中加送世界杯冠军抽奖券！	押中加送世界杯冠军抽奖券！	押中加送世界杯冠军抽奖券！	押中加送世界杯冠军抽奖券！	押中加送世界杯冠军抽奖券！	押中加送世界杯冠军抽奖券！	押中加送世界杯冠军抽奖券！	押中加送世界杯冠军抽奖券！	押中加送世界杯冠军抽奖券！	押中加送世界杯冠军抽奖券！	押中加送世界杯冠军抽奖券！	押中加送世界杯冠军抽奖券！								
TXT_Pack_Name_892003	AI		乌兹别克斯坦	乌兹别克斯坦	乌兹别克斯坦	乌兹别克斯坦	乌兹别克斯坦	乌兹别克斯坦	乌兹别克斯坦	乌兹别克斯坦	乌兹别克斯坦	乌兹别克斯坦	乌兹别克斯坦	乌兹别克斯坦	乌兹别克斯坦	乌兹别克斯坦	乌兹别克斯坦	乌兹别克斯坦								
TXT_Pack_Desc_892003	AI		押中加送世界杯冠军抽奖券！	押中加送世界杯冠军抽奖券！	押中加送世界杯冠军抽奖券！	押中加送世界杯冠军抽奖券！	押中加送世界杯冠军抽奖券！	押中加送世界杯冠军抽奖券！	押中加送世界杯冠军抽奖券！	押中加送世界杯冠军抽奖券！	押中加送世界杯冠军抽奖券！	押中加送世界杯冠军抽奖券！	押中加送世界杯冠军抽奖券！	押中加送世界杯冠军抽奖券！	押中加送世界杯冠军抽奖券！	押中加送世界杯冠军抽奖券！	押中加送世界杯冠军抽奖券！	押中加送世界杯冠军抽奖券！								
TXT_Pack_Name_892004	AI		伊拉克	伊拉克	伊拉克	伊拉克	伊拉克	伊拉克	伊拉克	伊拉克	伊拉克	伊拉克	伊拉克	伊拉克	伊拉克	伊拉克	伊拉克	伊拉克								
TXT_Pack_Desc_892004	AI		押中加送世界杯冠军抽奖券！	押中加送世界杯冠军抽奖券！	押中加送世界杯冠军抽奖券！	押中加送世界杯冠军抽奖券！	押中加送世界杯冠军抽奖券！	押中加送世界杯冠军抽奖券！	押中加送世界杯冠军抽奖券！	押中加送世界杯冠军抽奖券！	押中加送世界杯冠军抽奖券！	押中加送世界杯冠军抽奖券！	押中加送世界杯冠军抽奖券！	押中加送世界杯冠军抽奖券！	押中加送世界杯冠军抽奖券！	押中加送世界杯冠军抽奖券！	押中加送世界杯冠军抽奖券！	押中加送世界杯冠军抽奖券！								
TXT_Pack_Name_892005	AI		摩洛哥	摩洛哥	摩洛哥	摩洛哥	摩洛哥	摩洛哥	摩洛哥	摩洛哥	摩洛哥	摩洛哥	摩洛哥	摩洛哥	摩洛哥	摩洛哥	摩洛哥	摩洛哥								
TXT_Pack_Desc_892005	AI		押中加送世界杯冠军抽奖券！	押中加送世界杯冠军抽奖券！	押中加送世界杯冠军抽奖券！	押中加送世界杯冠军抽奖券！	押中加送世界杯冠军抽奖券！	押中加送世界杯冠军抽奖券！	押中加送世界杯冠军抽奖券！	押中加送世界杯冠军抽奖券！	押中加送世界杯冠军抽奖券！	押中加送世界杯冠军抽奖券！	押中加送世界杯冠军抽奖券！	押中加送世界杯冠军抽奖券！	押中加送世界杯冠军抽奖券！	押中加送世界杯冠军抽奖券！	押中加送世界杯冠军抽奖券！	押中加送世界杯冠军抽奖券！								
TXT_Pack_Name_892006	AI		库拉索	库拉索	库拉索	库拉索	库拉索	库拉索	库拉索	库拉索	库拉索	库拉索	库拉索	库拉索	库拉索	库拉索	库拉索	库拉索								
TXT_Pack_Desc_892006	AI		押中加送世界杯冠军抽奖券！	押中加送世界杯冠军抽奖券！	押中加送世界杯冠军抽奖券！	押中加送世界杯冠军抽奖券！	押中加送世界杯冠军抽奖券！	押中加送世界杯冠军抽奖券！	押中加送世界杯冠军抽奖券！	押中加送世界杯冠军抽奖券！	押中加送世界杯冠军抽奖券！	押中加送世界杯冠军抽奖券！	押中加送世界杯冠军抽奖券！	押中加送世界杯冠军抽奖券！	押中加送世界杯冠军抽奖券！	押中加送世界杯冠军抽奖券！	押中加送世界杯冠军抽奖券！	押中加送世界杯冠军抽奖券！								
TXT_Pack_Name_892007	AI		比利时	比利时	比利时	比利时	比利时	比利时	比利时	比利时	比利时	比利时	比利时	比利时	比利时	比利时	比利时	比利时								
TXT_Pack_Desc_892007	AI		押中加送世界杯冠军抽奖券！	押中加送世界杯冠军抽奖券！	押中加送世界杯冠军抽奖券！	押中加送世界杯冠军抽奖券！	押中加送世界杯冠军抽奖券！	押中加送世界杯冠军抽奖券！	押中加送世界杯冠军抽奖券！	押中加送世界杯冠军抽奖券！	押中加送世界杯冠军抽奖券！	押中加送世界杯冠军抽奖券！	押中加送世界杯冠军抽奖券！	押中加送世界杯冠军抽奖券！	押中加送世界杯冠军抽奖券！	押中加送世界杯冠军抽奖券！	押中加送世界杯冠军抽奖券！	押中加送世界杯冠军抽奖券！								
TXT_Pack_Name_892008	AI		韩国	韩国	韩国	韩国	韩国	韩国	韩国	韩国	韩国	韩国	韩国	韩国	韩国	韩国	韩国	韩国								
TXT_Pack_Desc_892008	AI		押中加送世界杯冠军抽奖券！	押中加送世界杯冠军抽奖券！	押中加送世界杯冠军抽奖券！	押中加送世界杯冠军抽奖券！	押中加送世界杯冠军抽奖券！	押中加送世界杯冠军抽奖券！	押中加送世界杯冠军抽奖券！	押中加送世界杯冠军抽奖券！	押中加送世界杯冠军抽奖券！	押中加送世界杯冠军抽奖券！	押中加送世界杯冠军抽奖券！	押中加送世界杯冠军抽奖券！	押中加送世界杯冠军抽奖券！	押中加送世界杯冠军抽奖券！	押中加送世界杯冠军抽奖券！	押中加送世界杯冠军抽奖券！								
TXT_Pack_Name_892009	AI		波黑	波黑	波黑	波黑	波黑	波黑	波黑	波黑	波黑	波黑	波黑	波黑	波黑	波黑	波黑	波黑								
TXT_Pack_Desc_892009	AI		押中加送世界杯冠军抽奖券！	押中加送世界杯冠军抽奖券！	押中加送世界杯冠军抽奖券！	押中加送世界杯冠军抽奖券！	押中加送世界杯冠军抽奖券！	押中加送世界杯冠军抽奖券！	押中加送世界杯冠军抽奖券！	押中加送世界杯冠军抽奖券！	押中加送世界杯冠军抽奖券！	押中加送世界杯冠军抽奖券！	押中加送世界杯冠军抽奖券！	押中加送世界杯冠军抽奖券！	押中加送世界杯冠军抽奖券！	押中加送世界杯冠军抽奖券！	押中加送世界杯冠军抽奖券！	押中加送世界杯冠军抽奖券！								
TXT_Pack_Name_892010	AI		阿根廷	阿根廷	阿根廷	阿根廷	阿根廷	阿根廷	阿根廷	阿根廷	阿根廷	阿根廷	阿根廷	阿根廷	阿根廷	阿根廷	阿根廷	阿根廷								
TXT_Pack_Desc_892010	AI		押中加送世界杯冠军抽奖券！	押中加送世界杯冠军抽奖券！	押中加送世界杯冠军抽奖券！	押中加送世界杯冠军抽奖券！	押中加送世界杯冠军抽奖券！	押中加送世界杯冠军抽奖券！	押中加送世界杯冠军抽奖券！	押中加送世界杯冠军抽奖券！	押中加送世界杯冠军抽奖券！	押中加送世界杯冠军抽奖券！	押中加送世界杯冠军抽奖券！	押中加送世界杯冠军抽奖券！	押中加送世界杯冠军抽奖券！	押中加送世界杯冠军抽奖券！	押中加送世界杯冠军抽奖券！	押中加送世界杯冠军抽奖券！								
TXT_Pack_Name_892011	AI		美国	美国	美国	美国	美国	美国	美国	美国	美国	美国	美国	美国	美国	美国	美国	美国								
TXT_Pack_Desc_892011	AI		押中加送世界杯冠军抽奖券！	押中加送世界杯冠军抽奖券！	押中加送世界杯冠军抽奖券！	押中加送世界杯冠军抽奖券！	押中加送世界杯冠军抽奖券！	押中加送世界杯冠军抽奖券！	押中加送世界杯冠军抽奖券！	押中加送世界杯冠军抽奖券！	押中加送世界杯冠军抽奖券！	押中加送世界杯冠军抽奖券！	押中加送世界杯冠军抽奖券！	押中加送世界杯冠军抽奖券！	押中加送世界杯冠军抽奖券！	押中加送世界杯冠军抽奖券！	押中加送世界杯冠军抽奖券！	押中加送世界杯冠军抽奖券！								
TXT_Pack_Name_892012	AI		英格兰	英格兰	英格兰	英格兰	英格兰	英格兰	英格兰	英格兰	英格兰	英格兰	英格兰	英格兰	英格兰	英格兰	英格兰	英格兰								
TXT_Pack_Desc_892012	AI		押中加送世界杯冠军抽奖券！	押中加送世界杯冠军抽奖券！	押中加送世界杯冠军抽奖券！	押中加送世界杯冠军抽奖券！	押中加送世界杯冠军抽奖券！	押中加送世界杯冠军抽奖券！	押中加送世界杯冠军抽奖券！	押中加送世界杯冠军抽奖券！	押中加送世界杯冠军抽奖券！	押中加送世界杯冠军抽奖券！	押中加送世界杯冠军抽奖券！	押中加送世界杯冠军抽奖券！	押中加送世界杯冠军抽奖券！	押中加送世界杯冠军抽奖券！	押中加送世界杯冠军抽奖券！	押中加送世界杯冠军抽奖券！								
TXT_Pack_Name_892013	AI		海地	海地	海地	海地	海地	海地	海地	海地	海地	海地	海地	海地	海地	海地	海地	海地								
TXT_Pack_Desc_892013	AI		押中加送世界杯冠军抽奖券！	押中加送世界杯冠军抽奖券！	押中加送世界杯冠军抽奖券！	押中加送世界杯冠军抽奖券！	押中加送世界杯冠军抽奖券！	押中加送世界杯冠军抽奖券！	押中加送世界杯冠军抽奖券！	押中加送世界杯冠军抽奖券！	押中加送世界杯冠军抽奖券！	押中加送世界杯冠军抽奖券！	押中加送世界杯冠军抽奖券！	押中加送世界杯冠军抽奖券！	押中加送世界杯冠军抽奖券！	押中加送世界杯冠军抽奖券！	押中加送世界杯冠军抽奖券！	押中加送世界杯冠军抽奖券！								
TXT_Pack_Name_892014	AI		墨西哥	墨西哥	墨西哥	墨西哥	墨西哥	墨西哥	墨西哥	墨西哥	墨西哥	墨西哥	墨西哥	墨西哥	墨西哥	墨西哥	墨西哥	墨西哥								
TXT_Pack_Desc_892014	AI		押中加送世界杯冠军抽奖券！	押中加送世界杯冠军抽奖券！	押中加送世界杯冠军抽奖券！	押中加送世界杯冠军抽奖券！	押中加送世界杯冠军抽奖券！	押中加送世界杯冠军抽奖券！	押中加送世界杯冠军抽奖券！	押中加送世界杯冠军抽奖券！	押中加送世界杯冠军抽奖券！	押中加送世界杯冠军抽奖券！	押中加送世界杯冠军抽奖券！	押中加送世界杯冠军抽奖券！	押中加送世界杯冠军抽奖券！	押中加送世界杯冠军抽奖券！	押中加送世界杯冠军抽奖券！	押中加送世界杯冠军抽奖券！								
TXT_Pack_Name_892015	AI		西班牙	西班牙	西班牙	西班牙	西班牙	西班牙	西班牙	西班牙	西班牙	西班牙	西班牙	西班牙	西班牙	西班牙	西班牙	西班牙								
TXT_Pack_Desc_892015	AI		押中加送世界杯冠军抽奖券！	押中加送世界杯冠军抽奖券！	押中加送世界杯冠军抽奖券！	押中加送世界杯冠军抽奖券！	押中加送世界杯冠军抽奖券！	押中加送世界杯冠军抽奖券！	押中加送世界杯冠军抽奖券！	押中加送世界杯冠军抽奖券！	押中加送世界杯冠军抽奖券！	押中加送世界杯冠军抽奖券！	押中加送世界杯冠军抽奖券！	押中加送世界杯冠军抽奖券！	押中加送世界杯冠军抽奖券！	押中加送世界杯冠军抽奖券！	押中加送世界杯冠军抽奖券！	押中加送世界杯冠军抽奖券！								
TXT_Pack_Name_892016	AI		埃及	埃及	埃及	埃及	埃及	埃及	埃及	埃及	埃及	埃及	埃及	埃及	埃及	埃及	埃及	埃及								
TXT_Pack_Desc_892016	AI		押中加送世界杯冠军抽奖券！	押中加送世界杯冠军抽奖券！	押中加送世界杯冠军抽奖券！	押中加送世界杯冠军抽奖券！	押中加送世界杯冠军抽奖券！	押中加送世界杯冠军抽奖券！	押中加送世界杯冠军抽奖券！	押中加送世界杯冠军抽奖券！	押中加送世界杯冠军抽奖券！	押中加送世界杯冠军抽奖券！	押中加送世界杯冠军抽奖券！	押中加送世界杯冠军抽奖券！	押中加送世界杯冠军抽奖券！	押中加送世界杯冠军抽奖券！	押中加送世界杯冠军抽奖券！	押中加送世界杯冠军抽奖券！								
TXT_Pack_Name_892017	AI		佛得角	佛得角	佛得角	佛得角	佛得角	佛得角	佛得角	佛得角	佛得角	佛得角	佛得角	佛得角	佛得角	佛得角	佛得角	佛得角								
TXT_Pack_Desc_892017	AI		押中加送世界杯冠军抽奖券！	押中加送世界杯冠军抽奖券！	押中加送世界杯冠军抽奖券！	押中加送世界杯冠军抽奖券！	押中加送世界杯冠军抽奖券！	押中加送世界杯冠军抽奖券！	押中加送世界杯冠军抽奖券！	押中加送世界杯冠军抽奖券！	押中加送世界杯冠军抽奖券！	押中加送世界杯冠军抽奖券！	押中加送世界杯冠军抽奖券！	押中加送世界杯冠军抽奖券！	押中加送世界杯冠军抽奖券！	押中加送世界杯冠军抽奖券！	押中加送世界杯冠军抽奖券！	押中加送世界杯冠军抽奖券！								
TXT_Pack_Name_892018	AI		科特迪瓦	科特迪瓦	科特迪瓦	科特迪瓦	科特迪瓦	科特迪瓦	科特迪瓦	科特迪瓦	科特迪瓦	科特迪瓦	科特迪瓦	科特迪瓦	科特迪瓦	科特迪瓦	科特迪瓦	科特迪瓦								
TXT_Pack_Desc_892018	AI		押中加送世界杯冠军抽奖券！	押中加送世界杯冠军抽奖券！	押中加送世界杯冠军抽奖券！	押中加送世界杯冠军抽奖券！	押中加送世界杯冠军抽奖券！	押中加送世界杯冠军抽奖券！	押中加送世界杯冠军抽奖券！	押中加送世界杯冠军抽奖券！	押中加送世界杯冠军抽奖券！	押中加送世界杯冠军抽奖券！	押中加送世界杯冠军抽奖券！	押中加送世界杯冠军抽奖券！	押中加送世界杯冠军抽奖券！	押中加送世界杯冠军抽奖券！	押中加送世界杯冠军抽奖券！	押中加送世界杯冠军抽奖券！								
TXT_Pack_Name_892019	AI		克罗地亚	克罗地亚	克罗地亚	克罗地亚	克罗地亚	克罗地亚	克罗地亚	克罗地亚	克罗地亚	克罗地亚	克罗地亚	克罗地亚	克罗地亚	克罗地亚	克罗地亚	克罗地亚								
TXT_Pack_Desc_892019	AI		押中加送世界杯冠军抽奖券！	押中加送世界杯冠军抽奖券！	押中加送世界杯冠军抽奖券！	押中加送世界杯冠军抽奖券！	押中加送世界杯冠军抽奖券！	押中加送世界杯冠军抽奖券！	押中加送世界杯冠军抽奖券！	押中加送世界杯冠军抽奖券！	押中加送世界杯冠军抽奖券！	押中加送世界杯冠军抽奖券！	押中加送世界杯冠军抽奖券！	押中加送世界杯冠军抽奖券！	押中加送世界杯冠军抽奖券！	押中加送世界杯冠军抽奖券！	押中加送世界杯冠军抽奖券！	押中加送世界杯冠军抽奖券！								
TXT_Pack_Name_892020	AI		瑞典	瑞典	瑞典	瑞典	瑞典	瑞典	瑞典	瑞典	瑞典	瑞典	瑞典	瑞典	瑞典	瑞典	瑞典	瑞典								
TXT_Pack_Desc_892020	AI		押中加送世界杯冠军抽奖券！	押中加送世界杯冠军抽奖券！	押中加送世界杯冠军抽奖券！	押中加送世界杯冠军抽奖券！	押中加送世界杯冠军抽奖券！	押中加送世界杯冠军抽奖券！	押中加送世界杯冠军抽奖券！	押中加送世界杯冠军抽奖券！	押中加送世界杯冠军抽奖券！	押中加送世界杯冠军抽奖券！	押中加送世界杯冠军抽奖券！	押中加送世界杯冠军抽奖券！	押中加送世界杯冠军抽奖券！	押中加送世界杯冠军抽奖券！	押中加送世界杯冠军抽奖券！	押中加送世界杯冠军抽奖券！								
TXT_Pack_Name_892021	AI		哥伦比亚	哥伦比亚	哥伦比亚	哥伦比亚	哥伦比亚	哥伦比亚	哥伦比亚	哥伦比亚	哥伦比亚	哥伦比亚	哥伦比亚	哥伦比亚	哥伦比亚	哥伦比亚	哥伦比亚	哥伦比亚								
TXT_Pack_Desc_892021	AI		押中加送世界杯冠军抽奖券！	押中加送世界杯冠军抽奖券！	押中加送世界杯冠军抽奖券！	押中加送世界杯冠军抽奖券！	押中加送世界杯冠军抽奖券！	押中加送世界杯冠军抽奖券！	押中加送世界杯冠军抽奖券！	押中加送世界杯冠军抽奖券！	押中加送世界杯冠军抽奖券！	押中加送世界杯冠军抽奖券！	押中加送世界杯冠军抽奖券！	押中加送世界杯冠军抽奖券！	押中加送世界杯冠军抽奖券！	押中加送世界杯冠军抽奖券！	押中加送世界杯冠军抽奖券！	押中加送世界杯冠军抽奖券！								
TXT_Pack_Name_892022	AI		土耳其	土耳其	土耳其	土耳其	土耳其	土耳其	土耳其	土耳其	土耳其	土耳其	土耳其	土耳其	土耳其	土耳其	土耳其	土耳其								
TXT_Pack_Desc_892022	AI		押中加送世界杯冠军抽奖券！	押中加送世界杯冠军抽奖券！	押中加送世界杯冠军抽奖券！	押中加送世界杯冠军抽奖券！	押中加送世界杯冠军抽奖券！	押中加送世界杯冠军抽奖券！	押中加送世界杯冠军抽奖券！	押中加送世界杯冠军抽奖券！	押中加送世界杯冠军抽奖券！	押中加送世界杯冠军抽奖券！	押中加送世界杯冠军抽奖券！	押中加送世界杯冠军抽奖券！	押中加送世界杯冠军抽奖券！	押中加送世界杯冠军抽奖券！	押中加送世界杯冠军抽奖券！	押中加送世界杯冠军抽奖券！								
TXT_Pack_Name_892023	AI		加纳	加纳	加纳	加纳	加纳	加纳	加纳	加纳	加纳	加纳	加纳	加纳	加纳	加纳	加纳	加纳								
TXT_Pack_Desc_892023	AI		押中加送世界杯冠军抽奖券！	押中加送世界杯冠军抽奖券！	押中加送世界杯冠军抽奖券！	押中加送世界杯冠军抽奖券！	押中加送世界杯冠军抽奖券！	押中加送世界杯冠军抽奖券！	押中加送世界杯冠军抽奖券！	押中加送世界杯冠军抽奖券！	押中加送世界杯冠军抽奖券！	押中加送世界杯冠军抽奖券！	押中加送世界杯冠军抽奖券！	押中加送世界杯冠军抽奖券！	押中加送世界杯冠军抽奖券！	押中加送世界杯冠军抽奖券！	押中加送世界杯冠军抽奖券！	押中加送世界杯冠军抽奖券！								
TXT_Pack_Name_892024	AI		巴拿马	巴拿马	巴拿马	巴拿马	巴拿马	巴拿马	巴拿马	巴拿马	巴拿马	巴拿马	巴拿马	巴拿马	巴拿马	巴拿马	巴拿马	巴拿马								
TXT_Pack_Desc_892024	AI		押中加送世界杯冠军抽奖券！	押中加送世界杯冠军抽奖券！	押中加送世界杯冠军抽奖券！	押中加送世界杯冠军抽奖券！	押中加送世界杯冠军抽奖券！	押中加送世界杯冠军抽奖券！	押中加送世界杯冠军抽奖券！	押中加送世界杯冠军抽奖券！	押中加送世界杯冠军抽奖券！	押中加送世界杯冠军抽奖券！	押中加送世界杯冠军抽奖券！	押中加送世界杯冠军抽奖券！	押中加送世界杯冠军抽奖券！	押中加送世界杯冠军抽奖券！	押中加送世界杯冠军抽奖券！	押中加送世界杯冠军抽奖券！								
TXT_Pack_Name_892025	AI		突尼斯	突尼斯	突尼斯	突尼斯	突尼斯	突尼斯	突尼斯	突尼斯	突尼斯	突尼斯	突尼斯	突尼斯	突尼斯	突尼斯	突尼斯	突尼斯								
TXT_Pack_Desc_892025	AI		押中加送世界杯冠军抽奖券！	押中加送世界杯冠军抽奖券！	押中加送世界杯冠军抽奖券！	押中加送世界杯冠军抽奖券！	押中加送世界杯冠军抽奖券！	押中加送世界杯冠军抽奖券！	押中加送世界杯冠军抽奖券！	押中加送世界杯冠军抽奖券！	押中加送世界杯冠军抽奖券！	押中加送世界杯冠军抽奖券！	押中加送世界杯冠军抽奖券！	押中加送世界杯冠军抽奖券！	押中加送世界杯冠军抽奖券！	押中加送世界杯冠军抽奖券！	押中加送世界杯冠军抽奖券！	押中加送世界杯冠军抽奖券！								
TXT_Pack_Name_892026	AI		新西兰	新西兰	新西兰	新西兰	新西兰	新西兰	新西兰	新西兰	新西兰	新西兰	新西兰	新西兰	新西兰	新西兰	新西兰	新西兰								
TXT_Pack_Desc_892026	AI		押中加送世界杯冠军抽奖券！	押中加送世界杯冠军抽奖券！	押中加送世界杯冠军抽奖券！	押中加送世界杯冠军抽奖券！	押中加送世界杯冠军抽奖券！	押中加送世界杯冠军抽奖券！	押中加送世界杯冠军抽奖券！	押中加送世界杯冠军抽奖券！	押中加送世界杯冠军抽奖券！	押中加送世界杯冠军抽奖券！	押中加送世界杯冠军抽奖券！	押中加送世界杯冠军抽奖券！	押中加送世界杯冠军抽奖券！	押中加送世界杯冠军抽奖券！	押中加送世界杯冠军抽奖券！	押中加送世界杯冠军抽奖券！								
TXT_Pack_Name_892027	AI		卡塔尔	卡塔尔	卡塔尔	卡塔尔	卡塔尔	卡塔尔	卡塔尔	卡塔尔	卡塔尔	卡塔尔	卡塔尔	卡塔尔	卡塔尔	卡塔尔	卡塔尔	卡塔尔								
TXT_Pack_Desc_892027	AI		押中加送世界杯冠军抽奖券！	押中加送世界杯冠军抽奖券！	押中加送世界杯冠军抽奖券！	押中加送世界杯冠军抽奖券！	押中加送世界杯冠军抽奖券！	押中加送世界杯冠军抽奖券！	押中加送世界杯冠军抽奖券！	押中加送世界杯冠军抽奖券！	押中加送世界杯冠军抽奖券！	押中加送世界杯冠军抽奖券！	押中加送世界杯冠军抽奖券！	押中加送世界杯冠军抽奖券！	押中加送世界杯冠军抽奖券！	押中加送世界杯冠军抽奖券！	押中加送世界杯冠军抽奖券！	押中加送世界杯冠军抽奖券！								
TXT_Pack_Name_892028	AI		刚果	刚果	刚果	刚果	刚果	刚果	刚果	刚果	刚果	刚果	刚果	刚果	刚果	刚果	刚果	刚果								
TXT_Pack_Desc_892028	AI		押中加送世界杯冠军抽奖券！	押中加送世界杯冠军抽奖券！	押中加送世界杯冠军抽奖券！	押中加送世界杯冠军抽奖券！	押中加送世界杯冠军抽奖券！	押中加送世界杯冠军抽奖券！	押中加送世界杯冠军抽奖券！	押中加送世界杯冠军抽奖券！	押中加送世界杯冠军抽奖券！	押中加送世界杯冠军抽奖券！	押中加送世界杯冠军抽奖券！	押中加送世界杯冠军抽奖券！	押中加送世界杯冠军抽奖券！	押中加送世界杯冠军抽奖券！	押中加送世界杯冠军抽奖券！	押中加送世界杯冠军抽奖券！								
TXT_Pack_Name_892029	AI		奥地利	奥地利	奥地利	奥地利	奥地利	奥地利	奥地利	奥地利	奥地利	奥地利	奥地利	奥地利	奥地利	奥地利	奥地利	奥地利								
TXT_Pack_Desc_892029	AI		押中加送世界杯冠军抽奖券！	押中加送世界杯冠军抽奖券！	押中加送世界杯冠军抽奖券！	押中加送世界杯冠军抽奖券！	押中加送世界杯冠军抽奖券！	押中加送世界杯冠军抽奖券！	押中加送世界杯冠军抽奖券！	押中加送世界杯冠军抽奖券！	押中加送世界杯冠军抽奖券！	押中加送世界杯冠军抽奖券！	押中加送世界杯冠军抽奖券！	押中加送世界杯冠军抽奖券！	押中加送世界杯冠军抽奖券！	押中加送世界杯冠军抽奖券！	押中加送世界杯冠军抽奖券！	押中加送世界杯冠军抽奖券！								
TXT_Pack_Name_892030	AI		澳大利亚	澳大利亚	澳大利亚	澳大利亚	澳大利亚	澳大利亚	澳大利亚	澳大利亚	澳大利亚	澳大利亚	澳大利亚	澳大利亚	澳大利亚	澳大利亚	澳大利亚	澳大利亚								
TXT_Pack_Desc_892030	AI		押中加送世界杯冠军抽奖券！	押中加送世界杯冠军抽奖券！	押中加送世界杯冠军抽奖券！	押中加送世界杯冠军抽奖券！	押中加送世界杯冠军抽奖券！	押中加送世界杯冠军抽奖券！	押中加送世界杯冠军抽奖券！	押中加送世界杯冠军抽奖券！	押中加送世界杯冠军抽奖券！	押中加送世界杯冠军抽奖券！	押中加送世界杯冠军抽奖券！	押中加送世界杯冠军抽奖券！	押中加送世界杯冠军抽奖券！	押中加送世界杯冠军抽奖券！	押中加送世界杯冠军抽奖券！	押中加送世界杯冠军抽奖券！								
TXT_Pack_Name_892031	AI		法国	法国	法国	法国	法国	法国	法国	法国	法国	法国	法国	法国	法国	法国	法国	法国								
TXT_Pack_Desc_892031	AI		押中加送世界杯冠军抽奖券！	押中加送世界杯冠军抽奖券！	押中加送世界杯冠军抽奖券！	押中加送世界杯冠军抽奖券！	押中加送世界杯冠军抽奖券！	押中加送世界杯冠军抽奖券！	押中加送世界杯冠军抽奖券！	押中加送世界杯冠军抽奖券！	押中加送世界杯冠军抽奖券！	押中加送世界杯冠军抽奖券！	押中加送世界杯冠军抽奖券！	押中加送世界杯冠军抽奖券！	押中加送世界杯冠军抽奖券！	押中加送世界杯冠军抽奖券！	押中加送世界杯冠军抽奖券！	押中加送世界杯冠军抽奖券！								
TXT_Pack_Name_892032	AI		阿尔及利亚	阿尔及利亚	阿尔及利亚	阿尔及利亚	阿尔及利亚	阿尔及利亚	阿尔及利亚	阿尔及利亚	阿尔及利亚	阿尔及利亚	阿尔及利亚	阿尔及利亚	阿尔及利亚	阿尔及利亚	阿尔及利亚	阿尔及利亚								
TXT_Pack_Desc_892032	AI		押中加送世界杯冠军抽奖券！	押中加送世界杯冠军抽奖券！	押中加送世界杯冠军抽奖券！	押中加送世界杯冠军抽奖券！	押中加送世界杯冠军抽奖券！	押中加送世界杯冠军抽奖券！	押中加送世界杯冠军抽奖券！	押中加送世界杯冠军抽奖券！	押中加送世界杯冠军抽奖券！	押中加送世界杯冠军抽奖券！	押中加送世界杯冠军抽奖券！	押中加送世界杯冠军抽奖券！	押中加送世界杯冠军抽奖券！	押中加送世界杯冠军抽奖券！	押中加送世界杯冠军抽奖券！	押中加送世界杯冠军抽奖券！								
TXT_Pack_Name_892033	AI		厄瓜多尔	厄瓜多尔	厄瓜多尔	厄瓜多尔	厄瓜多尔	厄瓜多尔	厄瓜多尔	厄瓜多尔	厄瓜多尔	厄瓜多尔	厄瓜多尔	厄瓜多尔	厄瓜多尔	厄瓜多尔	厄瓜多尔	厄瓜多尔								
TXT_Pack_Desc_892033	AI		押中加送世界杯冠军抽奖券！	押中加送世界杯冠军抽奖券！	押中加送世界杯冠军抽奖券！	押中加送世界杯冠军抽奖券！	押中加送世界杯冠军抽奖券！	押中加送世界杯冠军抽奖券！	押中加送世界杯冠军抽奖券！	押中加送世界杯冠军抽奖券！	押中加送世界杯冠军抽奖券！	押中加送世界杯冠军抽奖券！	押中加送世界杯冠军抽奖券！	押中加送世界杯冠军抽奖券！	押中加送世界杯冠军抽奖券！	押中加送世界杯冠军抽奖券！	押中加送世界杯冠军抽奖券！	押中加送世界杯冠军抽奖券！								
TXT_Pack_Name_892034	AI		沙特	沙特	沙特	沙特	沙特	沙特	沙特	沙特	沙特	沙特	沙特	沙特	沙特	沙特	沙特	沙特								
TXT_Pack_Desc_892034	AI		押中加送世界杯冠军抽奖券！	押中加送世界杯冠军抽奖券！	押中加送世界杯冠军抽奖券！	押中加送世界杯冠军抽奖券！	押中加送世界杯冠军抽奖券！	押中加送世界杯冠军抽奖券！	押中加送世界杯冠军抽奖券！	押中加送世界杯冠军抽奖券！	押中加送世界杯冠军抽奖券！	押中加送世界杯冠军抽奖券！	押中加送世界杯冠军抽奖券！	押中加送世界杯冠军抽奖券！	押中加送世界杯冠军抽奖券！	押中加送世界杯冠军抽奖券！	押中加送世界杯冠军抽奖券！	押中加送世界杯冠军抽奖券！								
TXT_Pack_Name_892035	AI		厄瓜多尔	厄瓜多尔	厄瓜多尔	厄瓜多尔	厄瓜多尔	厄瓜多尔	厄瓜多尔	厄瓜多尔	厄瓜多尔	厄瓜多尔	厄瓜多尔	厄瓜多尔	厄瓜多尔	厄瓜多尔	厄瓜多尔	厄瓜多尔								
TXT_Pack_Desc_892035	AI		押中加送世界杯冠军抽奖券！	押中加送世界杯冠军抽奖券！	押中加送世界杯冠军抽奖券！	押中加送世界杯冠军抽奖券！	押中加送世界杯冠军抽奖券！	押中加送世界杯冠军抽奖券！	押中加送世界杯冠军抽奖券！	押中加送世界杯冠军抽奖券！	押中加送世界杯冠军抽奖券！	押中加送世界杯冠军抽奖券！	押中加送世界杯冠军抽奖券！	押中加送世界杯冠军抽奖券！	押中加送世界杯冠军抽奖券！	押中加送世界杯冠军抽奖券！	押中加送世界杯冠军抽奖券！	押中加送世界杯冠军抽奖券！								
TXT_Pack_Name_892036	AI		沙特	沙特	沙特	沙特	沙特	沙特	沙特	沙特	沙特	沙特	沙特	沙特	沙特	沙特	沙特	沙特								
TXT_Pack_Desc_892036	AI		押中加送世界杯冠军抽奖券！	押中加送世界杯冠军抽奖券！	押中加送世界杯冠军抽奖券！	押中加送世界杯冠军抽奖券！	押中加送世界杯冠军抽奖券！	押中加送世界杯冠军抽奖券！	押中加送世界杯冠军抽奖券！	押中加送世界杯冠军抽奖券！	押中加送世界杯冠军抽奖券！	押中加送世界杯冠军抽奖券！	押中加送世界杯冠军抽奖券！	押中加送世界杯冠军抽奖券！	押中加送世界杯冠军抽奖券！	押中加送世界杯冠军抽奖券！	押中加送世界杯冠军抽奖券！	押中加送世界杯冠军抽奖券！								
TXT_Pack_Name_892037	AI		荷兰	荷兰	荷兰	荷兰	荷兰	荷兰	荷兰	荷兰	荷兰	荷兰	荷兰	荷兰	荷兰	荷兰	荷兰	荷兰								
TXT_Pack_Desc_892037	AI		押中加送世界杯冠军抽奖券！	押中加送世界杯冠军抽奖券！	押中加送世界杯冠军抽奖券！	押中加送世界杯冠军抽奖券！	押中加送世界杯冠军抽奖券！	押中加送世界杯冠军抽奖券！	押中加送世界杯冠军抽奖券！	押中加送世界杯冠军抽奖券！	押中加送世界杯冠军抽奖券！	押中加送世界杯冠军抽奖券！	押中加送世界杯冠军抽奖券！	押中加送世界杯冠军抽奖券！	押中加送世界杯冠军抽奖券！	押中加送世界杯冠军抽奖券！	押中加送世界杯冠军抽奖券！	押中加送世界杯冠军抽奖券！								
TXT_Pack_Name_892038	AI		塞内加尔	塞内加尔	塞内加尔	塞内加尔	塞内加尔	塞内加尔	塞内加尔	塞内加尔	塞内加尔	塞内加尔	塞内加尔	塞内加尔	塞内加尔	塞内加尔	塞内加尔	塞内加尔								
TXT_Pack_Desc_892038	AI		押中加送世界杯冠军抽奖券！	押中加送世界杯冠军抽奖券！	押中加送世界杯冠军抽奖券！	押中加送世界杯冠军抽奖券！	押中加送世界杯冠军抽奖券！	押中加送世界杯冠军抽奖券！	押中加送世界杯冠军抽奖券！	押中加送世界杯冠军抽奖券！	押中加送世界杯冠军抽奖券！	押中加送世界杯冠军抽奖券！	押中加送世界杯冠军抽奖券！	押中加送世界杯冠军抽奖券！	押中加送世界杯冠军抽奖券！	押中加送世界杯冠军抽奖券！	押中加送世界杯冠军抽奖券！	押中加送世界杯冠军抽奖券！								
TXT_Pack_Name_892039	AI		荷兰	荷兰	荷兰	荷兰	荷兰	荷兰	荷兰	荷兰	荷兰	荷兰	荷兰	荷兰	荷兰	荷兰	荷兰	荷兰								
TXT_Pack_Desc_892039	AI		押中加送世界杯冠军抽奖券！	押中加送世界杯冠军抽奖券！	押中加送世界杯冠军抽奖券！	押中加送世界杯冠军抽奖券！	押中加送世界杯冠军抽奖券！	押中加送世界杯冠军抽奖券！	押中加送世界杯冠军抽奖券！	押中加送世界杯冠军抽奖券！	押中加送世界杯冠军抽奖券！	押中加送世界杯冠军抽奖券！	押中加送世界杯冠军抽奖券！	押中加送世界杯冠军抽奖券！	押中加送世界杯冠军抽奖券！	押中加送世界杯冠军抽奖券！	押中加送世界杯冠军抽奖券！	押中加送世界杯冠军抽奖券！								
TXT_Pack_Name_892040	AI		塞内加尔	塞内加尔	塞内加尔	塞内加尔	塞内加尔	塞内加尔	塞内加尔	塞内加尔	塞内加尔	塞内加尔	塞内加尔	塞内加尔	塞内加尔	塞内加尔	塞内加尔	塞内加尔								
TXT_Pack_Desc_892040	AI		押中加送世界杯冠军抽奖券！	押中加送世界杯冠军抽奖券！	押中加送世界杯冠军抽奖券！	押中加送世界杯冠军抽奖券！	押中加送世界杯冠军抽奖券！	押中加送世界杯冠军抽奖券！	押中加送世界杯冠军抽奖券！	押中加送世界杯冠军抽奖券！	押中加送世界杯冠军抽奖券！	押中加送世界杯冠军抽奖券！	押中加送世界杯冠军抽奖券！	押中加送世界杯冠军抽奖券！	押中加送世界杯冠军抽奖券！	押中加送世界杯冠军抽奖券！	押中加送世界杯冠军抽奖券！	押中加送世界杯冠军抽奖券！								
TXT_Pack_Name_892041	AI		葡萄牙	葡萄牙	葡萄牙	葡萄牙	葡萄牙	葡萄牙	葡萄牙	葡萄牙	葡萄牙	葡萄牙	葡萄牙	葡萄牙	葡萄牙	葡萄牙	葡萄牙	葡萄牙								
TXT_Pack_Desc_892041	AI		押中加送世界杯冠军抽奖券！	押中加送世界杯冠军抽奖券！	押中加送世界杯冠军抽奖券！	押中加送世界杯冠军抽奖券！	押中加送世界杯冠军抽奖券！	押中加送世界杯冠军抽奖券！	押中加送世界杯冠军抽奖券！	押中加送世界杯冠军抽奖券！	押中加送世界杯冠军抽奖券！	押中加送世界杯冠军抽奖券！	押中加送世界杯冠军抽奖券！	押中加送世界杯冠军抽奖券！	押中加送世界杯冠军抽奖券！	押中加送世界杯冠军抽奖券！	押中加送世界杯冠军抽奖券！	押中加送世界杯冠军抽奖券！								
TXT_Pack_Name_892042	AI		日本	日本	日本	日本	日本	日本	日本	日本	日本	日本	日本	日本	日本	日本	日本	日本								
TXT_Pack_Desc_892042	AI		押中加送世界杯冠军抽奖券！	押中加送世界杯冠军抽奖券！	押中加送世界杯冠军抽奖券！	押中加送世界杯冠军抽奖券！	押中加送世界杯冠军抽奖券！	押中加送世界杯冠军抽奖券！	押中加送世界杯冠军抽奖券！	押中加送世界杯冠军抽奖券！	押中加送世界杯冠军抽奖券！	押中加送世界杯冠军抽奖券！	押中加送世界杯冠军抽奖券！	押中加送世界杯冠军抽奖券！	押中加送世界杯冠军抽奖券！	押中加送世界杯冠军抽奖券！	押中加送世界杯冠军抽奖券！	押中加送世界杯冠军抽奖券！								
TXT_Pack_Name_892043	AI		葡萄牙	葡萄牙	葡萄牙	葡萄牙	葡萄牙	葡萄牙	葡萄牙	葡萄牙	葡萄牙	葡萄牙	葡萄牙	葡萄牙	葡萄牙	葡萄牙	葡萄牙	葡萄牙								
TXT_Pack_Desc_892043	AI		押中加送世界杯冠军抽奖券！	押中加送世界杯冠军抽奖券！	押中加送世界杯冠军抽奖券！	押中加送世界杯冠军抽奖券！	押中加送世界杯冠军抽奖券！	押中加送世界杯冠军抽奖券！	押中加送世界杯冠军抽奖券！	押中加送世界杯冠军抽奖券！	押中加送世界杯冠军抽奖券！	押中加送世界杯冠军抽奖券！	押中加送世界杯冠军抽奖券！	押中加送世界杯冠军抽奖券！	押中加送世界杯冠军抽奖券！	押中加送世界杯冠军抽奖券！	押中加送世界杯冠军抽奖券！	押中加送世界杯冠军抽奖券！								
TXT_Pack_Name_892044	AI		日本	日本	日本	日本	日本	日本	日本	日本	日本	日本	日本	日本	日本	日本	日本	日本								
TXT_Pack_Desc_892044	AI		押中加送世界杯冠军抽奖券！	押中加送世界杯冠军抽奖券！	押中加送世界杯冠军抽奖券！	押中加送世界杯冠军抽奖券！	押中加送世界杯冠军抽奖券！	押中加送世界杯冠军抽奖券！	押中加送世界杯冠军抽奖券！	押中加送世界杯冠军抽奖券！	押中加送世界杯冠军抽奖券！	押中加送世界杯冠军抽奖券！	押中加送世界杯冠军抽奖券！	押中加送世界杯冠军抽奖券！	押中加送世界杯冠军抽奖券！	押中加送世界杯冠军抽奖券！	押中加送世界杯冠军抽奖券！	押中加送世界杯冠军抽奖券！								
TXT_Pack_Name_892045	AI		巴拉圭	巴拉圭	巴拉圭	巴拉圭	巴拉圭	巴拉圭	巴拉圭	巴拉圭	巴拉圭	巴拉圭	巴拉圭	巴拉圭	巴拉圭	巴拉圭	巴拉圭	巴拉圭								
TXT_Pack_Desc_892045	AI		押中加送世界杯冠军抽奖券！	押中加送世界杯冠军抽奖券！	押中加送世界杯冠军抽奖券！	押中加送世界杯冠军抽奖券！	押中加送世界杯冠军抽奖券！	押中加送世界杯冠军抽奖券！	押中加送世界杯冠军抽奖券！	押中加送世界杯冠军抽奖券！	押中加送世界杯冠军抽奖券！	押中加送世界杯冠军抽奖券！	押中加送世界杯冠军抽奖券！	押中加送世界杯冠军抽奖券！	押中加送世界杯冠军抽奖券！	押中加送世界杯冠军抽奖券！	押中加送世界杯冠军抽奖券！	押中加送世界杯冠军抽奖券！								
TXT_Pack_Name_892046	AI		苏格兰	苏格兰	苏格兰	苏格兰	苏格兰	苏格兰	苏格兰	苏格兰	苏格兰	苏格兰	苏格兰	苏格兰	苏格兰	苏格兰	苏格兰	苏格兰								
TXT_Pack_Desc_892046	AI		押中加送世界杯冠军抽奖券！	押中加送世界杯冠军抽奖券！	押中加送世界杯冠军抽奖券！	押中加送世界杯冠军抽奖券！	押中加送世界杯冠军抽奖券！	押中加送世界杯冠军抽奖券！	押中加送世界杯冠军抽奖券！	押中加送世界杯冠军抽奖券！	押中加送世界杯冠军抽奖券！	押中加送世界杯冠军抽奖券！	押中加送世界杯冠军抽奖券！	押中加送世界杯冠军抽奖券！	押中加送世界杯冠军抽奖券！	押中加送世界杯冠军抽奖券！	押中加送世界杯冠军抽奖券！	押中加送世界杯冠军抽奖券！								
TXT_Pack_Name_892047	AI		巴拉圭	巴拉圭	巴拉圭	巴拉圭	巴拉圭	巴拉圭	巴拉圭	巴拉圭	巴拉圭	巴拉圭	巴拉圭	巴拉圭	巴拉圭	巴拉圭	巴拉圭	巴拉圭								
TXT_Pack_Desc_892047	AI		押中加送世界杯冠军抽奖券！	押中加送世界杯冠军抽奖券！	押中加送世界杯冠军抽奖券！	押中加送世界杯冠军抽奖券！	押中加送世界杯冠军抽奖券！	押中加送世界杯冠军抽奖券！	押中加送世界杯冠军抽奖券！	押中加送世界杯冠军抽奖券！	押中加送世界杯冠军抽奖券！	押中加送世界杯冠军抽奖券！	押中加送世界杯冠军抽奖券！	押中加送世界杯冠军抽奖券！	押中加送世界杯冠军抽奖券！	押中加送世界杯冠军抽奖券！	押中加送世界杯冠军抽奖券！	押中加送世界杯冠军抽奖券！								
TXT_Pack_Name_892048	AI		苏格兰	苏格兰	苏格兰	苏格兰	苏格兰	苏格兰	苏格兰	苏格兰	苏格兰	苏格兰	苏格兰	苏格兰	苏格兰	苏格兰	苏格兰	苏格兰								
TXT_Pack_Desc_892048	AI		押中加送世界杯冠军抽奖券！	押中加送世界杯冠军抽奖券！	押中加送世界杯冠军抽奖券！	押中加送世界杯冠军抽奖券！	押中加送世界杯冠军抽奖券！	押中加送世界杯冠军抽奖券！	押中加送世界杯冠军抽奖券！	押中加送世界杯冠军抽奖券！	押中加送世界杯冠军抽奖券！	押中加送世界杯冠军抽奖券！	押中加送世界杯冠军抽奖券！	押中加送世界杯冠军抽奖券！	押中加送世界杯冠军抽奖券！	押中加送世界杯冠军抽奖券！	押中加送世界杯冠军抽奖券！	押中加送世界杯冠军抽奖券！								
TXT_Pack_Name_892049	AI		南非	南非	南非	南非	南非	南非	南非	南非	南非	南非	南非	南非	南非	南非	南非	南非								
TXT_Pack_Desc_892049	AI		押中加送世界杯冠军抽奖券！	押中加送世界杯冠军抽奖券！	押中加送世界杯冠军抽奖券！	押中加送世界杯冠军抽奖券！	押中加送世界杯冠军抽奖券！	押中加送世界杯冠军抽奖券！	押中加送世界杯冠军抽奖券！	押中加送世界杯冠军抽奖券！	押中加送世界杯冠军抽奖券！	押中加送世界杯冠军抽奖券！	押中加送世界杯冠军抽奖券！	押中加送世界杯冠军抽奖券！	押中加送世界杯冠军抽奖券！	押中加送世界杯冠军抽奖券！	押中加送世界杯冠军抽奖券！	押中加送世界杯冠军抽奖券！								
TXT_Pack_Name_892050	AI		捷克	捷克	捷克	捷克	捷克	捷克	捷克	捷克	捷克	捷克	捷克	捷克	捷克	捷克	捷克	捷克								
TXT_Pack_Desc_892050	AI		押中加送世界杯冠军抽奖券！	押中加送世界杯冠军抽奖券！	押中加送世界杯冠军抽奖券！	押中加送世界杯冠军抽奖券！	押中加送世界杯冠军抽奖券！	押中加送世界杯冠军抽奖券！	押中加送世界杯冠军抽奖券！	押中加送世界杯冠军抽奖券！	押中加送世界杯冠军抽奖券！	押中加送世界杯冠军抽奖券！	押中加送世界杯冠军抽奖券！	押中加送世界杯冠军抽奖券！	押中加送世界杯冠军抽奖券！	押中加送世界杯冠军抽奖券！	押中加送世界杯冠军抽奖券！	押中加送世界杯冠军抽奖券！								
TXT_Pack_Name_892051	AI		南非	南非	南非	南非	南非	南非	南非	南非	南非	南非	南非	南非	南非	南非	南非	南非								
TXT_Pack_Desc_892051	AI		押中加送世界杯冠军抽奖券！	押中加送世界杯冠军抽奖券！	押中加送世界杯冠军抽奖券！	押中加送世界杯冠军抽奖券！	押中加送世界杯冠军抽奖券！	押中加送世界杯冠军抽奖券！	押中加送世界杯冠军抽奖券！	押中加送世界杯冠军抽奖券！	押中加送世界杯冠军抽奖券！	押中加送世界杯冠军抽奖券！	押中加送世界杯冠军抽奖券！	押中加送世界杯冠军抽奖券！	押中加送世界杯冠军抽奖券！	押中加送世界杯冠军抽奖券！	押中加送世界杯冠军抽奖券！	押中加送世界杯冠军抽奖券！								
TXT_Pack_Name_892052	AI		捷克	捷克	捷克	捷克	捷克	捷克	捷克	捷克	捷克	捷克	捷克	捷克	捷克	捷克	捷克	捷克								
TXT_Pack_Desc_892052	AI		押中加送世界杯冠军抽奖券！	押中加送世界杯冠军抽奖券！	押中加送世界杯冠军抽奖券！	押中加送世界杯冠军抽奖券！	押中加送世界杯冠军抽奖券！	押中加送世界杯冠军抽奖券！	押中加送世界杯冠军抽奖券！	押中加送世界杯冠军抽奖券！	押中加送世界杯冠军抽奖券！	押中加送世界杯冠军抽奖券！	押中加送世界杯冠军抽奖券！	押中加送世界杯冠军抽奖券！	押中加送世界杯冠军抽奖券！	押中加送世界杯冠军抽奖券！	押中加送世界杯冠军抽奖券！	押中加送世界杯冠军抽奖券！								
TXT_Pack_Name_892053	AI		巴西	巴西	巴西	巴西	巴西	巴西	巴西	巴西	巴西	巴西	巴西	巴西	巴西	巴西	巴西	巴西								
TXT_Pack_Desc_892053	AI		押中加送世界杯冠军抽奖券！	押中加送世界杯冠军抽奖券！	押中加送世界杯冠军抽奖券！	押中加送世界杯冠军抽奖券！	押中加送世界杯冠军抽奖券！	押中加送世界杯冠军抽奖券！	押中加送世界杯冠军抽奖券！	押中加送世界杯冠军抽奖券！	押中加送世界杯冠军抽奖券！	押中加送世界杯冠军抽奖券！	押中加送世界杯冠军抽奖券！	押中加送世界杯冠军抽奖券！	押中加送世界杯冠军抽奖券！	押中加送世界杯冠军抽奖券！	押中加送世界杯冠军抽奖券！	押中加送世界杯冠军抽奖券！								
TXT_Pack_Name_892054	AI		瑞士	瑞士	瑞士	瑞士	瑞士	瑞士	瑞士	瑞士	瑞士	瑞士	瑞士	瑞士	瑞士	瑞士	瑞士	瑞士								
TXT_Pack_Desc_892054	AI		押中加送世界杯冠军抽奖券！	押中加送世界杯冠军抽奖券！	押中加送世界杯冠军抽奖券！	押中加送世界杯冠军抽奖券！	押中加送世界杯冠军抽奖券！	押中加送世界杯冠军抽奖券！	押中加送世界杯冠军抽奖券！	押中加送世界杯冠军抽奖券！	押中加送世界杯冠军抽奖券！	押中加送世界杯冠军抽奖券！	押中加送世界杯冠军抽奖券！	押中加送世界杯冠军抽奖券！	押中加送世界杯冠军抽奖券！	押中加送世界杯冠军抽奖券！	押中加送世界杯冠军抽奖券！	押中加送世界杯冠军抽奖券！								
TXT_Pack_Name_892055	AI		巴西	巴西	巴西	巴西	巴西	巴西	巴西	巴西	巴西	巴西	巴西	巴西	巴西	巴西	巴西	巴西								
TXT_Pack_Desc_892055	AI		押中加送世界杯冠军抽奖券！	押中加送世界杯冠军抽奖券！	押中加送世界杯冠军抽奖券！	押中加送世界杯冠军抽奖券！	押中加送世界杯冠军抽奖券！	押中加送世界杯冠军抽奖券！	押中加送世界杯冠军抽奖券！	押中加送世界杯冠军抽奖券！	押中加送世界杯冠军抽奖券！	押中加送世界杯冠军抽奖券！	押中加送世界杯冠军抽奖券！	押中加送世界杯冠军抽奖券！	押中加送世界杯冠军抽奖券！	押中加送世界杯冠军抽奖券！	押中加送世界杯冠军抽奖券！	押中加送世界杯冠军抽奖券！								
TXT_Pack_Name_892056	AI		瑞士	瑞士	瑞士	瑞士	瑞士	瑞士	瑞士	瑞士	瑞士	瑞士	瑞士	瑞士	瑞士	瑞士	瑞士	瑞士								
TXT_Pack_Desc_892056	AI		押中加送世界杯冠军抽奖券！	押中加送世界杯冠军抽奖券！	押中加送世界杯冠军抽奖券！	押中加送世界杯冠军抽奖券！	押中加送世界杯冠军抽奖券！	押中加送世界杯冠军抽奖券！	押中加送世界杯冠军抽奖券！	押中加送世界杯冠军抽奖券！	押中加送世界杯冠军抽奖券！	押中加送世界杯冠军抽奖券！	押中加送世界杯冠军抽奖券！	押中加送世界杯冠军抽奖券！	押中加送世界杯冠军抽奖券！	押中加送世界杯冠军抽奖券！	押中加送世界杯冠军抽奖券！	押中加送世界杯冠军抽奖券！								
TXT_Pack_Name_892057	AI		乌拉圭	乌拉圭	乌拉圭	乌拉圭	乌拉圭	乌拉圭	乌拉圭	乌拉圭	乌拉圭	乌拉圭	乌拉圭	乌拉圭	乌拉圭	乌拉圭	乌拉圭	乌拉圭								
TXT_Pack_Desc_892057	AI		押中加送世界杯冠军抽奖券！	押中加送世界杯冠军抽奖券！	押中加送世界杯冠军抽奖券！	押中加送世界杯冠军抽奖券！	押中加送世界杯冠军抽奖券！	押中加送世界杯冠军抽奖券！	押中加送世界杯冠军抽奖券！	押中加送世界杯冠军抽奖券！	押中加送世界杯冠军抽奖券！	押中加送世界杯冠军抽奖券！	押中加送世界杯冠军抽奖券！	押中加送世界杯冠军抽奖券！	押中加送世界杯冠军抽奖券！	押中加送世界杯冠军抽奖券！	押中加送世界杯冠军抽奖券！	押中加送世界杯冠军抽奖券！								
TXT_Pack_Name_892058	AI		挪威	挪威	挪威	挪威	挪威	挪威	挪威	挪威	挪威	挪威	挪威	挪威	挪威	挪威	挪威	挪威								
TXT_Pack_Desc_892058	AI		押中加送世界杯冠军抽奖券！	押中加送世界杯冠军抽奖券！	押中加送世界杯冠军抽奖券！	押中加送世界杯冠军抽奖券！	押中加送世界杯冠军抽奖券！	押中加送世界杯冠军抽奖券！	押中加送世界杯冠军抽奖券！	押中加送世界杯冠军抽奖券！	押中加送世界杯冠军抽奖券！	押中加送世界杯冠军抽奖券！	押中加送世界杯冠军抽奖券！	押中加送世界杯冠军抽奖券！	押中加送世界杯冠军抽奖券！	押中加送世界杯冠军抽奖券！	押中加送世界杯冠军抽奖券！	押中加送世界杯冠军抽奖券！								
TXT_Pack_Name_892059	AI		乌拉圭	乌拉圭	乌拉圭	乌拉圭	乌拉圭	乌拉圭	乌拉圭	乌拉圭	乌拉圭	乌拉圭	乌拉圭	乌拉圭	乌拉圭	乌拉圭	乌拉圭	乌拉圭								
TXT_Pack_Desc_892059	AI		押中加送世界杯冠军抽奖券！	押中加送世界杯冠军抽奖券！	押中加送世界杯冠军抽奖券！	押中加送世界杯冠军抽奖券！	押中加送世界杯冠军抽奖券！	押中加送世界杯冠军抽奖券！	押中加送世界杯冠军抽奖券！	押中加送世界杯冠军抽奖券！	押中加送世界杯冠军抽奖券！	押中加送世界杯冠军抽奖券！	押中加送世界杯冠军抽奖券！	押中加送世界杯冠军抽奖券！	押中加送世界杯冠军抽奖券！	押中加送世界杯冠军抽奖券！	押中加送世界杯冠军抽奖券！	押中加送世界杯冠军抽奖券！								
TXT_Pack_Name_892060	AI		挪威	挪威	挪威	挪威	挪威	挪威	挪威	挪威	挪威	挪威	挪威	挪威	挪威	挪威	挪威	挪威								
TXT_Pack_Desc_892060	AI		押中加送世界杯冠军抽奖券！	押中加送世界杯冠军抽奖券！	押中加送世界杯冠军抽奖券！	押中加送世界杯冠军抽奖券！	押中加送世界杯冠军抽奖券！	押中加送世界杯冠军抽奖券！	押中加送世界杯冠军抽奖券！	押中加送世界杯冠军抽奖券！	押中加送世界杯冠军抽奖券！	押中加送世界杯冠军抽奖券！	押中加送世界杯冠军抽奖券！	押中加送世界杯冠军抽奖券！	押中加送世界杯冠军抽奖券！	押中加送世界杯冠军抽奖券！	押中加送世界杯冠军抽奖券！	押中加送世界杯冠军抽奖券！								
TXT_Pack_Name_892061	AI		德国	德国	德国	德国	德国	德国	德国	德国	德国	德国	德国	德国	德国	德国	德国	德国								
TXT_Pack_Desc_892061	AI		押中加送世界杯冠军抽奖券！	押中加送世界杯冠军抽奖券！	押中加送世界杯冠军抽奖券！	押中加送世界杯冠军抽奖券！	押中加送世界杯冠军抽奖券！	押中加送世界杯冠军抽奖券！	押中加送世界杯冠军抽奖券！	押中加送世界杯冠军抽奖券！	押中加送世界杯冠军抽奖券！	押中加送世界杯冠军抽奖券！	押中加送世界杯冠军抽奖券！	押中加送世界杯冠军抽奖券！	押中加送世界杯冠军抽奖券！	押中加送世界杯冠军抽奖券！	押中加送世界杯冠军抽奖券！	押中加送世界杯冠军抽奖券！								
TXT_Pack_Name_892062	AI		加拿大	加拿大	加拿大	加拿大	加拿大	加拿大	加拿大	加拿大	加拿大	加拿大	加拿大	加拿大	加拿大	加拿大	加拿大	加拿大								
TXT_Pack_Desc_892062	AI		押中加送世界杯冠军抽奖券！	押中加送世界杯冠军抽奖券！	押中加送世界杯冠军抽奖券！	押中加送世界杯冠军抽奖券！	押中加送世界杯冠军抽奖券！	押中加送世界杯冠军抽奖券！	押中加送世界杯冠军抽奖券！	押中加送世界杯冠军抽奖券！	押中加送世界杯冠军抽奖券！	押中加送世界杯冠军抽奖券！	押中加送世界杯冠军抽奖券！	押中加送世界杯冠军抽奖券！	押中加送世界杯冠军抽奖券！	押中加送世界杯冠军抽奖券！	押中加送世界杯冠军抽奖券！	押中加送世界杯冠军抽奖券！								
TXT_Pack_Name_892063	AI		德国	德国	德国	德国	德国	德国	德国	德国	德国	德国	德国	德国	德国	德国	德国	德国								
TXT_Pack_Desc_892063	AI		押中加送世界杯冠军抽奖券！	押中加送世界杯冠军抽奖券！	押中加送世界杯冠军抽奖券！	押中加送世界杯冠军抽奖券！	押中加送世界杯冠军抽奖券！	押中加送世界杯冠军抽奖券！	押中加送世界杯冠军抽奖券！	押中加送世界杯冠军抽奖券！	押中加送世界杯冠军抽奖券！	押中加送世界杯冠军抽奖券！	押中加送世界杯冠军抽奖券！	押中加送世界杯冠军抽奖券！	押中加送世界杯冠军抽奖券！	押中加送世界杯冠军抽奖券！	押中加送世界杯冠军抽奖券！	押中加送世界杯冠军抽奖券！								
TXT_Pack_Name_892064	AI		加拿大	加拿大	加拿大	加拿大	加拿大	加拿大	加拿大	加拿大	加拿大	加拿大	加拿大	加拿大	加拿大	加拿大	加拿大	加拿大								
TXT_Pack_Desc_892064	AI		押中加送世界杯冠军抽奖券！	押中加送世界杯冠军抽奖券！	押中加送世界杯冠军抽奖券！	押中加送世界杯冠军抽奖券！	押中加送世界杯冠军抽奖券！	押中加送世界杯冠军抽奖券！	押中加送世界杯冠军抽奖券！	押中加送世界杯冠军抽奖券！	押中加送世界杯冠军抽奖券！	押中加送世界杯冠军抽奖券！	押中加送世界杯冠军抽奖券！	押中加送世界杯冠军抽奖券！	押中加送世界杯冠军抽奖券！	押中加送世界杯冠军抽奖券！	押中加送世界杯冠军抽奖券！	押中加送世界杯冠军抽奖券！								
TXT_Pack_Name_892065	AI		约旦	约旦	约旦	约旦	约旦	约旦	约旦	约旦	约旦	约旦	约旦	约旦	约旦	约旦	约旦	约旦								
TXT_Pack_Desc_892065	AI		押中加送世界杯冠军抽奖券！	押中加送世界杯冠军抽奖券！	押中加送世界杯冠军抽奖券！	押中加送世界杯冠军抽奖券！	押中加送世界杯冠军抽奖券！	押中加送世界杯冠军抽奖券！	押中加送世界杯冠军抽奖券！	押中加送世界杯冠军抽奖券！	押中加送世界杯冠军抽奖券！	押中加送世界杯冠军抽奖券！	押中加送世界杯冠军抽奖券！	押中加送世界杯冠军抽奖券！	押中加送世界杯冠军抽奖券！	押中加送世界杯冠军抽奖券！	押中加送世界杯冠军抽奖券！	押中加送世界杯冠军抽奖券！								
TXT_Pack_Name_892066	AI		伊朗	伊朗	伊朗	伊朗	伊朗	伊朗	伊朗	伊朗	伊朗	伊朗	伊朗	伊朗	伊朗	伊朗	伊朗	伊朗								
TXT_Pack_Desc_892066	AI		押中加送世界杯冠军抽奖券！	押中加送世界杯冠军抽奖券！	押中加送世界杯冠军抽奖券！	押中加送世界杯冠军抽奖券！	押中加送世界杯冠军抽奖券！	押中加送世界杯冠军抽奖券！	押中加送世界杯冠军抽奖券！	押中加送世界杯冠军抽奖券！	押中加送世界杯冠军抽奖券！	押中加送世界杯冠军抽奖券！	押中加送世界杯冠军抽奖券！	押中加送世界杯冠军抽奖券！	押中加送世界杯冠军抽奖券！	押中加送世界杯冠军抽奖券！	押中加送世界杯冠军抽奖券！	押中加送世界杯冠军抽奖券！								
TXT_Pack_Name_892067	AI		约旦	约旦	约旦	约旦	约旦	约旦	约旦	约旦	约旦	约旦	约旦	约旦	约旦	约旦	约旦	约旦								
TXT_Pack_Desc_892067	AI		押中加送世界杯冠军抽奖券！	押中加送世界杯冠军抽奖券！	押中加送世界杯冠军抽奖券！	押中加送世界杯冠军抽奖券！	押中加送世界杯冠军抽奖券！	押中加送世界杯冠军抽奖券！	押中加送世界杯冠军抽奖券！	押中加送世界杯冠军抽奖券！	押中加送世界杯冠军抽奖券！	押中加送世界杯冠军抽奖券！	押中加送世界杯冠军抽奖券！	押中加送世界杯冠军抽奖券！	押中加送世界杯冠军抽奖券！	押中加送世界杯冠军抽奖券！	押中加送世界杯冠军抽奖券！	押中加送世界杯冠军抽奖券！								
TXT_Pack_Name_892068	AI		伊朗	伊朗	伊朗	伊朗	伊朗	伊朗	伊朗	伊朗	伊朗	伊朗	伊朗	伊朗	伊朗	伊朗	伊朗	伊朗								
TXT_Pack_Desc_892068	AI		押中加送世界杯冠军抽奖券！	押中加送世界杯冠军抽奖券！	押中加送世界杯冠军抽奖券！	押中加送世界杯冠军抽奖券！	押中加送世界杯冠军抽奖券！	押中加送世界杯冠军抽奖券！	押中加送世界杯冠军抽奖券！	押中加送世界杯冠军抽奖券！	押中加送世界杯冠军抽奖券！	押中加送世界杯冠军抽奖券！	押中加送世界杯冠军抽奖券！	押中加送世界杯冠军抽奖券！	押中加送世界杯冠军抽奖券！	押中加送世界杯冠军抽奖券！	押中加送世界杯冠军抽奖券！	押中加送世界杯冠军抽奖券！								
TXT_Pack_Name_892069	AI		约旦	约旦	约旦	约旦	约旦	约旦	约旦	约旦	约旦	约旦	约旦	约旦	约旦	约旦	约旦	约旦								
TXT_Pack_Desc_892069	AI		押中加送世界杯冠军抽奖券！	押中加送世界杯冠军抽奖券！	押中加送世界杯冠军抽奖券！	押中加送世界杯冠军抽奖券！	押中加送世界杯冠军抽奖券！	押中加送世界杯冠军抽奖券！	押中加送世界杯冠军抽奖券！	押中加送世界杯冠军抽奖券！	押中加送世界杯冠军抽奖券！	押中加送世界杯冠军抽奖券！	押中加送世界杯冠军抽奖券！	押中加送世界杯冠军抽奖券！	押中加送世界杯冠军抽奖券！	押中加送世界杯冠军抽奖券！	押中加送世界杯冠军抽奖券！	押中加送世界杯冠军抽奖券！								
TXT_Pack_Name_892070	AI		伊朗	伊朗	伊朗	伊朗	伊朗	伊朗	伊朗	伊朗	伊朗	伊朗	伊朗	伊朗	伊朗	伊朗	伊朗	伊朗								
TXT_Pack_Desc_892070	AI		押中加送世界杯冠军抽奖券！	押中加送世界杯冠军抽奖券！	押中加送世界杯冠军抽奖券！	押中加送世界杯冠军抽奖券！	押中加送世界杯冠军抽奖券！	押中加送世界杯冠军抽奖券！	押中加送世界杯冠军抽奖券！	押中加送世界杯冠军抽奖券！	押中加送世界杯冠军抽奖券！	押中加送世界杯冠军抽奖券！	押中加送世界杯冠军抽奖券！	押中加送世界杯冠军抽奖券！	押中加送世界杯冠军抽奖券！	押中加送世界杯冠军抽奖券！	押中加送世界杯冠军抽奖券！	押中加送世界杯冠军抽奖券！								
TXT_Pack_Name_892071	AI		乌兹别克斯坦	乌兹别克斯坦	乌兹别克斯坦	乌兹别克斯坦	乌兹别克斯坦	乌兹别克斯坦	乌兹别克斯坦	乌兹别克斯坦	乌兹别克斯坦	乌兹别克斯坦	乌兹别克斯坦	乌兹别克斯坦	乌兹别克斯坦	乌兹别克斯坦	乌兹别克斯坦	乌兹别克斯坦								
TXT_Pack_Desc_892071	AI		押中加送世界杯冠军抽奖券！	押中加送世界杯冠军抽奖券！	押中加送世界杯冠军抽奖券！	押中加送世界杯冠军抽奖券！	押中加送世界杯冠军抽奖券！	押中加送世界杯冠军抽奖券！	押中加送世界杯冠军抽奖券！	押中加送世界杯冠军抽奖券！	押中加送世界杯冠军抽奖券！	押中加送世界杯冠军抽奖券！	押中加送世界杯冠军抽奖券！	押中加送世界杯冠军抽奖券！	押中加送世界杯冠军抽奖券！	押中加送世界杯冠军抽奖券！	押中加送世界杯冠军抽奖券！	押中加送世界杯冠军抽奖券！								
TXT_Pack_Name_892072	AI		伊拉克	伊拉克	伊拉克	伊拉克	伊拉克	伊拉克	伊拉克	伊拉克	伊拉克	伊拉克	伊拉克	伊拉克	伊拉克	伊拉克	伊拉克	伊拉克								
TXT_Pack_Desc_892072	AI		押中加送世界杯冠军抽奖券！	押中加送世界杯冠军抽奖券！	押中加送世界杯冠军抽奖券！	押中加送世界杯冠军抽奖券！	押中加送世界杯冠军抽奖券！	押中加送世界杯冠军抽奖券！	押中加送世界杯冠军抽奖券！	押中加送世界杯冠军抽奖券！	押中加送世界杯冠军抽奖券！	押中加送世界杯冠军抽奖券！	押中加送世界杯冠军抽奖券！	押中加送世界杯冠军抽奖券！	押中加送世界杯冠军抽奖券！	押中加送世界杯冠军抽奖券！	押中加送世界杯冠军抽奖券！	押中加送世界杯冠军抽奖券！								
TXT_Pack_Name_892073	AI		乌兹别克斯坦	乌兹别克斯坦	乌兹别克斯坦	乌兹别克斯坦	乌兹别克斯坦	乌兹别克斯坦	乌兹别克斯坦	乌兹别克斯坦	乌兹别克斯坦	乌兹别克斯坦	乌兹别克斯坦	乌兹别克斯坦	乌兹别克斯坦	乌兹别克斯坦	乌兹别克斯坦	乌兹别克斯坦								
TXT_Pack_Desc_892073	AI		押中加送世界杯冠军抽奖券！	押中加送世界杯冠军抽奖券！	押中加送世界杯冠军抽奖券！	押中加送世界杯冠军抽奖券！	押中加送世界杯冠军抽奖券！	押中加送世界杯冠军抽奖券！	押中加送世界杯冠军抽奖券！	押中加送世界杯冠军抽奖券！	押中加送世界杯冠军抽奖券！	押中加送世界杯冠军抽奖券！	押中加送世界杯冠军抽奖券！	押中加送世界杯冠军抽奖券！	押中加送世界杯冠军抽奖券！	押中加送世界杯冠军抽奖券！	押中加送世界杯冠军抽奖券！	押中加送世界杯冠军抽奖券！								
TXT_Pack_Name_892074	AI		伊拉克	伊拉克	伊拉克	伊拉克	伊拉克	伊拉克	伊拉克	伊拉克	伊拉克	伊拉克	伊拉克	伊拉克	伊拉克	伊拉克	伊拉克	伊拉克								
TXT_Pack_Desc_892074	AI		押中加送世界杯冠军抽奖券！	押中加送世界杯冠军抽奖券！	押中加送世界杯冠军抽奖券！	押中加送世界杯冠军抽奖券！	押中加送世界杯冠军抽奖券！	押中加送世界杯冠军抽奖券！	押中加送世界杯冠军抽奖券！	押中加送世界杯冠军抽奖券！	押中加送世界杯冠军抽奖券！	押中加送世界杯冠军抽奖券！	押中加送世界杯冠军抽奖券！	押中加送世界杯冠军抽奖券！	押中加送世界杯冠军抽奖券！	押中加送世界杯冠军抽奖券！	押中加送世界杯冠军抽奖券！	押中加送世界杯冠军抽奖券！								
TXT_Pack_Name_892075	AI		乌兹别克斯坦	乌兹别克斯坦	乌兹别克斯坦	乌兹别克斯坦	乌兹别克斯坦	乌兹别克斯坦	乌兹别克斯坦	乌兹别克斯坦	乌兹别克斯坦	乌兹别克斯坦	乌兹别克斯坦	乌兹别克斯坦	乌兹别克斯坦	乌兹别克斯坦	乌兹别克斯坦	乌兹别克斯坦								
TXT_Pack_Desc_892075	AI		押中加送世界杯冠军抽奖券！	押中加送世界杯冠军抽奖券！	押中加送世界杯冠军抽奖券！	押中加送世界杯冠军抽奖券！	押中加送世界杯冠军抽奖券！	押中加送世界杯冠军抽奖券！	押中加送世界杯冠军抽奖券！	押中加送世界杯冠军抽奖券！	押中加送世界杯冠军抽奖券！	押中加送世界杯冠军抽奖券！	押中加送世界杯冠军抽奖券！	押中加送世界杯冠军抽奖券！	押中加送世界杯冠军抽奖券！	押中加送世界杯冠军抽奖券！	押中加送世界杯冠军抽奖券！	押中加送世界杯冠军抽奖券！								
TXT_Pack_Name_892076	AI		伊拉克	伊拉克	伊拉克	伊拉克	伊拉克	伊拉克	伊拉克	伊拉克	伊拉克	伊拉克	伊拉克	伊拉克	伊拉克	伊拉克	伊拉克	伊拉克								
TXT_Pack_Desc_892076	AI		押中加送世界杯冠军抽奖券！	押中加送世界杯冠军抽奖券！	押中加送世界杯冠军抽奖券！	押中加送世界杯冠军抽奖券！	押中加送世界杯冠军抽奖券！	押中加送世界杯冠军抽奖券！	押中加送世界杯冠军抽奖券！	押中加送世界杯冠军抽奖券！	押中加送世界杯冠军抽奖券！	押中加送世界杯冠军抽奖券！	押中加送世界杯冠军抽奖券！	押中加送世界杯冠军抽奖券！	押中加送世界杯冠军抽奖券！	押中加送世界杯冠军抽奖券！	押中加送世界杯冠军抽奖券！	押中加送世界杯冠军抽奖券！								
TXT_Pack_Name_892077	AI		摩洛哥	摩洛哥	摩洛哥	摩洛哥	摩洛哥	摩洛哥	摩洛哥	摩洛哥	摩洛哥	摩洛哥	摩洛哥	摩洛哥	摩洛哥	摩洛哥	摩洛哥	摩洛哥								
TXT_Pack_Desc_892077	AI		押中加送世界杯冠军抽奖券！	押中加送世界杯冠军抽奖券！	押中加送世界杯冠军抽奖券！	押中加送世界杯冠军抽奖券！	押中加送世界杯冠军抽奖券！	押中加送世界杯冠军抽奖券！	押中加送世界杯冠军抽奖券！	押中加送世界杯冠军抽奖券！	押中加送世界杯冠军抽奖券！	押中加送世界杯冠军抽奖券！	押中加送世界杯冠军抽奖券！	押中加送世界杯冠军抽奖券！	押中加送世界杯冠军抽奖券！	押中加送世界杯冠军抽奖券！	押中加送世界杯冠军抽奖券！	押中加送世界杯冠军抽奖券！								
TXT_Pack_Name_892078	AI		库拉索	库拉索	库拉索	库拉索	库拉索	库拉索	库拉索	库拉索	库拉索	库拉索	库拉索	库拉索	库拉索	库拉索	库拉索	库拉索								
TXT_Pack_Desc_892078	AI		押中加送世界杯冠军抽奖券！	押中加送世界杯冠军抽奖券！	押中加送世界杯冠军抽奖券！	押中加送世界杯冠军抽奖券！	押中加送世界杯冠军抽奖券！	押中加送世界杯冠军抽奖券！	押中加送世界杯冠军抽奖券！	押中加送世界杯冠军抽奖券！	押中加送世界杯冠军抽奖券！	押中加送世界杯冠军抽奖券！	押中加送世界杯冠军抽奖券！	押中加送世界杯冠军抽奖券！	押中加送世界杯冠军抽奖券！	押中加送世界杯冠军抽奖券！	押中加送世界杯冠军抽奖券！	押中加送世界杯冠军抽奖券！								
TXT_Pack_Name_892079	AI		摩洛哥	摩洛哥	摩洛哥	摩洛哥	摩洛哥	摩洛哥	摩洛哥	摩洛哥	摩洛哥	摩洛哥	摩洛哥	摩洛哥	摩洛哥	摩洛哥	摩洛哥	摩洛哥								
TXT_Pack_Desc_892079	AI		押中加送世界杯冠军抽奖券！	押中加送世界杯冠军抽奖券！	押中加送世界杯冠军抽奖券！	押中加送世界杯冠军抽奖券！	押中加送世界杯冠军抽奖券！	押中加送世界杯冠军抽奖券！	押中加送世界杯冠军抽奖券！	押中加送世界杯冠军抽奖券！	押中加送世界杯冠军抽奖券！	押中加送世界杯冠军抽奖券！	押中加送世界杯冠军抽奖券！	押中加送世界杯冠军抽奖券！	押中加送世界杯冠军抽奖券！	押中加送世界杯冠军抽奖券！	押中加送世界杯冠军抽奖券！	押中加送世界杯冠军抽奖券！								
TXT_Pack_Name_892080	AI		库拉索	库拉索	库拉索	库拉索	库拉索	库拉索	库拉索	库拉索	库拉索	库拉索	库拉索	库拉索	库拉索	库拉索	库拉索	库拉索								
TXT_Pack_Desc_892080	AI		押中加送世界杯冠军抽奖券！	押中加送世界杯冠军抽奖券！	押中加送世界杯冠军抽奖券！	押中加送世界杯冠军抽奖券！	押中加送世界杯冠军抽奖券！	押中加送世界杯冠军抽奖券！	押中加送世界杯冠军抽奖券！	押中加送世界杯冠军抽奖券！	押中加送世界杯冠军抽奖券！	押中加送世界杯冠军抽奖券！	押中加送世界杯冠军抽奖券！	押中加送世界杯冠军抽奖券！	押中加送世界杯冠军抽奖券！	押中加送世界杯冠军抽奖券！	押中加送世界杯冠军抽奖券！	押中加送世界杯冠军抽奖券！								
TXT_Pack_Name_892081	AI		摩洛哥	摩洛哥	摩洛哥	摩洛哥	摩洛哥	摩洛哥	摩洛哥	摩洛哥	摩洛哥	摩洛哥	摩洛哥	摩洛哥	摩洛哥	摩洛哥	摩洛哥	摩洛哥								
TXT_Pack_Desc_892081	AI		押中加送世界杯冠军抽奖券！	押中加送世界杯冠军抽奖券！	押中加送世界杯冠军抽奖券！	押中加送世界杯冠军抽奖券！	押中加送世界杯冠军抽奖券！	押中加送世界杯冠军抽奖券！	押中加送世界杯冠军抽奖券！	押中加送世界杯冠军抽奖券！	押中加送世界杯冠军抽奖券！	押中加送世界杯冠军抽奖券！	押中加送世界杯冠军抽奖券！	押中加送世界杯冠军抽奖券！	押中加送世界杯冠军抽奖券！	押中加送世界杯冠军抽奖券！	押中加送世界杯冠军抽奖券！	押中加送世界杯冠军抽奖券！								
TXT_Pack_Name_892082	AI		库拉索	库拉索	库拉索	库拉索	库拉索	库拉索	库拉索	库拉索	库拉索	库拉索	库拉索	库拉索	库拉索	库拉索	库拉索	库拉索								
TXT_Pack_Desc_892082	AI		押中加送世界杯冠军抽奖券！	押中加送世界杯冠军抽奖券！	押中加送世界杯冠军抽奖券！	押中加送世界杯冠军抽奖券！	押中加送世界杯冠军抽奖券！	押中加送世界杯冠军抽奖券！	押中加送世界杯冠军抽奖券！	押中加送世界杯冠军抽奖券！	押中加送世界杯冠军抽奖券！	押中加送世界杯冠军抽奖券！	押中加送世界杯冠军抽奖券！	押中加送世界杯冠军抽奖券！	押中加送世界杯冠军抽奖券！	押中加送世界杯冠军抽奖券！	押中加送世界杯冠军抽奖券！	押中加送世界杯冠军抽奖券！								
TXT_Pack_Name_892083	AI		比利时	比利时	比利时	比利时	比利时	比利时	比利时	比利时	比利时	比利时	比利时	比利时	比利时	比利时	比利时	比利时								
TXT_Pack_Desc_892083	AI		押中加送世界杯冠军抽奖券！	押中加送世界杯冠军抽奖券！	押中加送世界杯冠军抽奖券！	押中加送世界杯冠军抽奖券！	押中加送世界杯冠军抽奖券！	押中加送世界杯冠军抽奖券！	押中加送世界杯冠军抽奖券！	押中加送世界杯冠军抽奖券！	押中加送世界杯冠军抽奖券！	押中加送世界杯冠军抽奖券！	押中加送世界杯冠军抽奖券！	押中加送世界杯冠军抽奖券！	押中加送世界杯冠军抽奖券！	押中加送世界杯冠军抽奖券！	押中加送世界杯冠军抽奖券！	押中加送世界杯冠军抽奖券！								
TXT_Pack_Name_892084	AI		韩国	韩国	韩国	韩国	韩国	韩国	韩国	韩国	韩国	韩国	韩国	韩国	韩国	韩国	韩国	韩国								
TXT_Pack_Desc_892084	AI		押中加送世界杯冠军抽奖券！	押中加送世界杯冠军抽奖券！	押中加送世界杯冠军抽奖券！	押中加送世界杯冠军抽奖券！	押中加送世界杯冠军抽奖券！	押中加送世界杯冠军抽奖券！	押中加送世界杯冠军抽奖券！	押中加送世界杯冠军抽奖券！	押中加送世界杯冠军抽奖券！	押中加送世界杯冠军抽奖券！	押中加送世界杯冠军抽奖券！	押中加送世界杯冠军抽奖券！	押中加送世界杯冠军抽奖券！	押中加送世界杯冠军抽奖券！	押中加送世界杯冠军抽奖券！	押中加送世界杯冠军抽奖券！								
TXT_Pack_Name_892085	AI		比利时	比利时	比利时	比利时	比利时	比利时	比利时	比利时	比利时	比利时	比利时	比利时	比利时	比利时	比利时	比利时								
TXT_Pack_Desc_892085	AI		押中加送世界杯冠军抽奖券！	押中加送世界杯冠军抽奖券！	押中加送世界杯冠军抽奖券！	押中加送世界杯冠军抽奖券！	押中加送世界杯冠军抽奖券！	押中加送世界杯冠军抽奖券！	押中加送世界杯冠军抽奖券！	押中加送世界杯冠军抽奖券！	押中加送世界杯冠军抽奖券！	押中加送世界杯冠军抽奖券！	押中加送世界杯冠军抽奖券！	押中加送世界杯冠军抽奖券！	押中加送世界杯冠军抽奖券！	押中加送世界杯冠军抽奖券！	押中加送世界杯冠军抽奖券！	押中加送世界杯冠军抽奖券！								
TXT_Pack_Name_892086	AI		韩国	韩国	韩国	韩国	韩国	韩国	韩国	韩国	韩国	韩国	韩国	韩国	韩国	韩国	韩国	韩国								
TXT_Pack_Desc_892086	AI		押中加送世界杯冠军抽奖券！	押中加送世界杯冠军抽奖券！	押中加送世界杯冠军抽奖券！	押中加送世界杯冠军抽奖券！	押中加送世界杯冠军抽奖券！	押中加送世界杯冠军抽奖券！	押中加送世界杯冠军抽奖券！	押中加送世界杯冠军抽奖券！	押中加送世界杯冠军抽奖券！	押中加送世界杯冠军抽奖券！	押中加送世界杯冠军抽奖券！	押中加送世界杯冠军抽奖券！	押中加送世界杯冠军抽奖券！	押中加送世界杯冠军抽奖券！	押中加送世界杯冠军抽奖券！	押中加送世界杯冠军抽奖券！								
TXT_Pack_Name_892087	AI		比利时	比利时	比利时	比利时	比利时	比利时	比利时	比利时	比利时	比利时	比利时	比利时	比利时	比利时	比利时	比利时								
TXT_Pack_Desc_892087	AI		押中加送世界杯冠军抽奖券！	押中加送世界杯冠军抽奖券！	押中加送世界杯冠军抽奖券！	押中加送世界杯冠军抽奖券！	押中加送世界杯冠军抽奖券！	押中加送世界杯冠军抽奖券！	押中加送世界杯冠军抽奖券！	押中加送世界杯冠军抽奖券！	押中加送世界杯冠军抽奖券！	押中加送世界杯冠军抽奖券！	押中加送世界杯冠军抽奖券！	押中加送世界杯冠军抽奖券！	押中加送世界杯冠军抽奖券！	押中加送世界杯冠军抽奖券！	押中加送世界杯冠军抽奖券！	押中加送世界杯冠军抽奖券！								
TXT_Pack_Name_892088	AI		韩国	韩国	韩国	韩国	韩国	韩国	韩国	韩国	韩国	韩国	韩国	韩国	韩国	韩国	韩国	韩国								
TXT_Pack_Desc_892088	AI		押中加送世界杯冠军抽奖券！	押中加送世界杯冠军抽奖券！	押中加送世界杯冠军抽奖券！	押中加送世界杯冠军抽奖券！	押中加送世界杯冠军抽奖券！	押中加送世界杯冠军抽奖券！	押中加送世界杯冠军抽奖券！	押中加送世界杯冠军抽奖券！	押中加送世界杯冠军抽奖券！	押中加送世界杯冠军抽奖券！	押中加送世界杯冠军抽奖券！	押中加送世界杯冠军抽奖券！	押中加送世界杯冠军抽奖券！	押中加送世界杯冠军抽奖券！	押中加送世界杯冠军抽奖券！	押中加送世界杯冠军抽奖券！								
TXT_Pack_Name_892089	AI		波黑	波黑	波黑	波黑	波黑	波黑	波黑	波黑	波黑	波黑	波黑	波黑	波黑	波黑	波黑	波黑								
TXT_Pack_Desc_892089	AI		押中加送世界杯冠军抽奖券！	押中加送世界杯冠军抽奖券！	押中加送世界杯冠军抽奖券！	押中加送世界杯冠军抽奖券！	押中加送世界杯冠军抽奖券！	押中加送世界杯冠军抽奖券！	押中加送世界杯冠军抽奖券！	押中加送世界杯冠军抽奖券！	押中加送世界杯冠军抽奖券！	押中加送世界杯冠军抽奖券！	押中加送世界杯冠军抽奖券！	押中加送世界杯冠军抽奖券！	押中加送世界杯冠军抽奖券！	押中加送世界杯冠军抽奖券！	押中加送世界杯冠军抽奖券！	押中加送世界杯冠军抽奖券！								
TXT_Pack_Name_892090	AI		阿根廷	阿根廷	阿根廷	阿根廷	阿根廷	阿根廷	阿根廷	阿根廷	阿根廷	阿根廷	阿根廷	阿根廷	阿根廷	阿根廷	阿根廷	阿根廷								
TXT_Pack_Desc_892090	AI		押中加送世界杯冠军抽奖券！	押中加送世界杯冠军抽奖券！	押中加送世界杯冠军抽奖券！	押中加送世界杯冠军抽奖券！	押中加送世界杯冠军抽奖券！	押中加送世界杯冠军抽奖券！	押中加送世界杯冠军抽奖券！	押中加送世界杯冠军抽奖券！	押中加送世界杯冠军抽奖券！	押中加送世界杯冠军抽奖券！	押中加送世界杯冠军抽奖券！	押中加送世界杯冠军抽奖券！	押中加送世界杯冠军抽奖券！	押中加送世界杯冠军抽奖券！	押中加送世界杯冠军抽奖券！	押中加送世界杯冠军抽奖券！								
TXT_Pack_Name_892091	AI		波黑	波黑	波黑	波黑	波黑	波黑	波黑	波黑	波黑	波黑	波黑	波黑	波黑	波黑	波黑	波黑								
TXT_Pack_Desc_892091	AI		押中加送世界杯冠军抽奖券！	押中加送世界杯冠军抽奖券！	押中加送世界杯冠军抽奖券！	押中加送世界杯冠军抽奖券！	押中加送世界杯冠军抽奖券！	押中加送世界杯冠军抽奖券！	押中加送世界杯冠军抽奖券！	押中加送世界杯冠军抽奖券！	押中加送世界杯冠军抽奖券！	押中加送世界杯冠军抽奖券！	押中加送世界杯冠军抽奖券！	押中加送世界杯冠军抽奖券！	押中加送世界杯冠军抽奖券！	押中加送世界杯冠军抽奖券！	押中加送世界杯冠军抽奖券！	押中加送世界杯冠军抽奖券！								
TXT_Pack_Name_892092	AI		阿根廷	阿根廷	阿根廷	阿根廷	阿根廷	阿根廷	阿根廷	阿根廷	阿根廷	阿根廷	阿根廷	阿根廷	阿根廷	阿根廷	阿根廷	阿根廷								
TXT_Pack_Desc_892092	AI		押中加送世界杯冠军抽奖券！	押中加送世界杯冠军抽奖券！	押中加送世界杯冠军抽奖券！	押中加送世界杯冠军抽奖券！	押中加送世界杯冠军抽奖券！	押中加送世界杯冠军抽奖券！	押中加送世界杯冠军抽奖券！	押中加送世界杯冠军抽奖券！	押中加送世界杯冠军抽奖券！	押中加送世界杯冠军抽奖券！	押中加送世界杯冠军抽奖券！	押中加送世界杯冠军抽奖券！	押中加送世界杯冠军抽奖券！	押中加送世界杯冠军抽奖券！	押中加送世界杯冠军抽奖券！	押中加送世界杯冠军抽奖券！								
TXT_Pack_Name_892093	AI		波黑	波黑	波黑	波黑	波黑	波黑	波黑	波黑	波黑	波黑	波黑	波黑	波黑	波黑	波黑	波黑								
TXT_Pack_Desc_892093	AI		押中加送世界杯冠军抽奖券！	押中加送世界杯冠军抽奖券！	押中加送世界杯冠军抽奖券！	押中加送世界杯冠军抽奖券！	押中加送世界杯冠军抽奖券！	押中加送世界杯冠军抽奖券！	押中加送世界杯冠军抽奖券！	押中加送世界杯冠军抽奖券！	押中加送世界杯冠军抽奖券！	押中加送世界杯冠军抽奖券！	押中加送世界杯冠军抽奖券！	押中加送世界杯冠军抽奖券！	押中加送世界杯冠军抽奖券！	押中加送世界杯冠军抽奖券！	押中加送世界杯冠军抽奖券！	押中加送世界杯冠军抽奖券！								
TXT_Pack_Name_892094	AI		阿根廷	阿根廷	阿根廷	阿根廷	阿根廷	阿根廷	阿根廷	阿根廷	阿根廷	阿根廷	阿根廷	阿根廷	阿根廷	阿根廷	阿根廷	阿根廷								
TXT_Pack_Desc_892094	AI		押中加送世界杯冠军抽奖券！	押中加送世界杯冠军抽奖券！	押中加送世界杯冠军抽奖券！	押中加送世界杯冠军抽奖券！	押中加送世界杯冠军抽奖券！	押中加送世界杯冠军抽奖券！	押中加送世界杯冠军抽奖券！	押中加送世界杯冠军抽奖券！	押中加送世界杯冠军抽奖券！	押中加送世界杯冠军抽奖券！	押中加送世界杯冠军抽奖券！	押中加送世界杯冠军抽奖券！	押中加送世界杯冠军抽奖券！	押中加送世界杯冠军抽奖券！	押中加送世界杯冠军抽奖券！	押中加送世界杯冠军抽奖券！								
TXT_Pack_Name_892095	AI		美国	美国	美国	美国	美国	美国	美国	美国	美国	美国	美国	美国	美国	美国	美国	美国								
TXT_Pack_Desc_892095	AI		押中加送世界杯冠军抽奖券！	押中加送世界杯冠军抽奖券！	押中加送世界杯冠军抽奖券！	押中加送世界杯冠军抽奖券！	押中加送世界杯冠军抽奖券！	押中加送世界杯冠军抽奖券！	押中加送世界杯冠军抽奖券！	押中加送世界杯冠军抽奖券！	押中加送世界杯冠军抽奖券！	押中加送世界杯冠军抽奖券！	押中加送世界杯冠军抽奖券！	押中加送世界杯冠军抽奖券！	押中加送世界杯冠军抽奖券！	押中加送世界杯冠军抽奖券！	押中加送世界杯冠军抽奖券！	押中加送世界杯冠军抽奖券！								
TXT_Pack_Name_892096	AI		英格兰	英格兰	英格兰	英格兰	英格兰	英格兰	英格兰	英格兰	英格兰	英格兰	英格兰	英格兰	英格兰	英格兰	英格兰	英格兰								
TXT_Pack_Desc_892096	AI		押中加送世界杯冠军抽奖券！	押中加送世界杯冠军抽奖券！	押中加送世界杯冠军抽奖券！	押中加送世界杯冠军抽奖券！	押中加送世界杯冠军抽奖券！	押中加送世界杯冠军抽奖券！	押中加送世界杯冠军抽奖券！	押中加送世界杯冠军抽奖券！	押中加送世界杯冠军抽奖券！	押中加送世界杯冠军抽奖券！	押中加送世界杯冠军抽奖券！	押中加送世界杯冠军抽奖券！	押中加送世界杯冠军抽奖券！	押中加送世界杯冠军抽奖券！	押中加送世界杯冠军抽奖券！	押中加送世界杯冠军抽奖券！								
TXT_Pack_Name_892097	AI		美国	美国	美国	美国	美国	美国	美国	美国	美国	美国	美国	美国	美国	美国	美国	美国								
TXT_Pack_Desc_892097	AI		押中加送世界杯冠军抽奖券！	押中加送世界杯冠军抽奖券！	押中加送世界杯冠军抽奖券！	押中加送世界杯冠军抽奖券！	押中加送世界杯冠军抽奖券！	押中加送世界杯冠军抽奖券！	押中加送世界杯冠军抽奖券！	押中加送世界杯冠军抽奖券！	押中加送世界杯冠军抽奖券！	押中加送世界杯冠军抽奖券！	押中加送世界杯冠军抽奖券！	押中加送世界杯冠军抽奖券！	押中加送世界杯冠军抽奖券！	押中加送世界杯冠军抽奖券！	押中加送世界杯冠军抽奖券！	押中加送世界杯冠军抽奖券！								
TXT_Pack_Name_892098	AI		英格兰	英格兰	英格兰	英格兰	英格兰	英格兰	英格兰	英格兰	英格兰	英格兰	英格兰	英格兰	英格兰	英格兰	英格兰	英格兰								
TXT_Pack_Desc_892098	AI		押中加送世界杯冠军抽奖券！	押中加送世界杯冠军抽奖券！	押中加送世界杯冠军抽奖券！	押中加送世界杯冠军抽奖券！	押中加送世界杯冠军抽奖券！	押中加送世界杯冠军抽奖券！	押中加送世界杯冠军抽奖券！	押中加送世界杯冠军抽奖券！	押中加送世界杯冠军抽奖券！	押中加送世界杯冠军抽奖券！	押中加送世界杯冠军抽奖券！	押中加送世界杯冠军抽奖券！	押中加送世界杯冠军抽奖券！	押中加送世界杯冠军抽奖券！	押中加送世界杯冠军抽奖券！	押中加送世界杯冠军抽奖券！								
TXT_Pack_Name_892099	AI		美国	美国	美国	美国	美国	美国	美国	美国	美国	美国	美国	美国	美国	美国	美国	美国								
TXT_Pack_Desc_892099	AI		押中加送世界杯冠军抽奖券！	押中加送世界杯冠军抽奖券！	押中加送世界杯冠军抽奖券！	押中加送世界杯冠军抽奖券！	押中加送世界杯冠军抽奖券！	押中加送世界杯冠军抽奖券！	押中加送世界杯冠军抽奖券！	押中加送世界杯冠军抽奖券！	押中加送世界杯冠军抽奖券！	押中加送世界杯冠军抽奖券！	押中加送世界杯冠军抽奖券！	押中加送世界杯冠军抽奖券！	押中加送世界杯冠军抽奖券！	押中加送世界杯冠军抽奖券！	押中加送世界杯冠军抽奖券！	押中加送世界杯冠军抽奖券！								
TXT_Pack_Name_892100	AI		英格兰	英格兰	英格兰	英格兰	英格兰	英格兰	英格兰	英格兰	英格兰	英格兰	英格兰	英格兰	英格兰	英格兰	英格兰	英格兰								
TXT_Pack_Desc_892100	AI		押中加送世界杯冠军抽奖券！	押中加送世界杯冠军抽奖券！	押中加送世界杯冠军抽奖券！	押中加送世界杯冠军抽奖券！	押中加送世界杯冠军抽奖券！	押中加送世界杯冠军抽奖券！	押中加送世界杯冠军抽奖券！	押中加送世界杯冠军抽奖券！	押中加送世界杯冠军抽奖券！	押中加送世界杯冠军抽奖券！	押中加送世界杯冠军抽奖券！	押中加送世界杯冠军抽奖券！	押中加送世界杯冠军抽奖券！	押中加送世界杯冠军抽奖券！	押中加送世界杯冠军抽奖券！	押中加送世界杯冠军抽奖券！								
TXT_Pack_Name_892101	AI		海地	海地	海地	海地	海地	海地	海地	海地	海地	海地	海地	海地	海地	海地	海地	海地								
TXT_Pack_Desc_892101	AI		押中加送世界杯冠军抽奖券！	押中加送世界杯冠军抽奖券！	押中加送世界杯冠军抽奖券！	押中加送世界杯冠军抽奖券！	押中加送世界杯冠军抽奖券！	押中加送世界杯冠军抽奖券！	押中加送世界杯冠军抽奖券！	押中加送世界杯冠军抽奖券！	押中加送世界杯冠军抽奖券！	押中加送世界杯冠军抽奖券！	押中加送世界杯冠军抽奖券！	押中加送世界杯冠军抽奖券！	押中加送世界杯冠军抽奖券！	押中加送世界杯冠军抽奖券！	押中加送世界杯冠军抽奖券！	押中加送世界杯冠军抽奖券！								
TXT_Pack_Name_892102	AI		墨西哥	墨西哥	墨西哥	墨西哥	墨西哥	墨西哥	墨西哥	墨西哥	墨西哥	墨西哥	墨西哥	墨西哥	墨西哥	墨西哥	墨西哥	墨西哥								
TXT_Pack_Desc_892102	AI		押中加送世界杯冠军抽奖券！	押中加送世界杯冠军抽奖券！	押中加送世界杯冠军抽奖券！	押中加送世界杯冠军抽奖券！	押中加送世界杯冠军抽奖券！	押中加送世界杯冠军抽奖券！	押中加送世界杯冠军抽奖券！	押中加送世界杯冠军抽奖券！	押中加送世界杯冠军抽奖券！	押中加送世界杯冠军抽奖券！	押中加送世界杯冠军抽奖券！	押中加送世界杯冠军抽奖券！	押中加送世界杯冠军抽奖券！	押中加送世界杯冠军抽奖券！	押中加送世界杯冠军抽奖券！	押中加送世界杯冠军抽奖券！								
TXT_Pack_Name_892103	AI		海地	海地	海地	海地	海地	海地	海地	海地	海地	海地	海地	海地	海地	海地	海地	海地								
TXT_Pack_Desc_892103	AI		押中加送世界杯冠军抽奖券！	押中加送世界杯冠军抽奖券！	押中加送世界杯冠军抽奖券！	押中加送世界杯冠军抽奖券！	押中加送世界杯冠军抽奖券！	押中加送世界杯冠军抽奖券！	押中加送世界杯冠军抽奖券！	押中加送世界杯冠军抽奖券！	押中加送世界杯冠军抽奖券！	押中加送世界杯冠军抽奖券！	押中加送世界杯冠军抽奖券！	押中加送世界杯冠军抽奖券！	押中加送世界杯冠军抽奖券！	押中加送世界杯冠军抽奖券！	押中加送世界杯冠军抽奖券！	押中加送世界杯冠军抽奖券！								
TXT_Pack_Name_892104	AI		墨西哥	墨西哥	墨西哥	墨西哥	墨西哥	墨西哥	墨西哥	墨西哥	墨西哥	墨西哥	墨西哥	墨西哥	墨西哥	墨西哥	墨西哥	墨西哥								
TXT_Pack_Desc_892104	AI		押中加送世界杯冠军抽奖券！	押中加送世界杯冠军抽奖券！	押中加送世界杯冠军抽奖券！	押中加送世界杯冠军抽奖券！	押中加送世界杯冠军抽奖券！	押中加送世界杯冠军抽奖券！	押中加送世界杯冠军抽奖券！	押中加送世界杯冠军抽奖券！	押中加送世界杯冠军抽奖券！	押中加送世界杯冠军抽奖券！	押中加送世界杯冠军抽奖券！	押中加送世界杯冠军抽奖券！	押中加送世界杯冠军抽奖券！	押中加送世界杯冠军抽奖券！	押中加送世界杯冠军抽奖券！	押中加送世界杯冠军抽奖券！								
TXT_Pack_Name_892105	AI		海地	海地	海地	海地	海地	海地	海地	海地	海地	海地	海地	海地	海地	海地	海地	海地								
TXT_Pack_Desc_892105	AI		押中加送世界杯冠军抽奖券！	押中加送世界杯冠军抽奖券！	押中加送世界杯冠军抽奖券！	押中加送世界杯冠军抽奖券！	押中加送世界杯冠军抽奖券！	押中加送世界杯冠军抽奖券！	押中加送世界杯冠军抽奖券！	押中加送世界杯冠军抽奖券！	押中加送世界杯冠军抽奖券！	押中加送世界杯冠军抽奖券！	押中加送世界杯冠军抽奖券！	押中加送世界杯冠军抽奖券！	押中加送世界杯冠军抽奖券！	押中加送世界杯冠军抽奖券！	押中加送世界杯冠军抽奖券！	押中加送世界杯冠军抽奖券！								
TXT_Pack_Name_892106	AI		墨西哥	墨西哥	墨西哥	墨西哥	墨西哥	墨西哥	墨西哥	墨西哥	墨西哥	墨西哥	墨西哥	墨西哥	墨西哥	墨西哥	墨西哥	墨西哥								
TXT_Pack_Desc_892106	AI		押中加送世界杯冠军抽奖券！	押中加送世界杯冠军抽奖券！	押中加送世界杯冠军抽奖券！	押中加送世界杯冠军抽奖券！	押中加送世界杯冠军抽奖券！	押中加送世界杯冠军抽奖券！	押中加送世界杯冠军抽奖券！	押中加送世界杯冠军抽奖券！	押中加送世界杯冠军抽奖券！	押中加送世界杯冠军抽奖券！	押中加送世界杯冠军抽奖券！	押中加送世界杯冠军抽奖券！	押中加送世界杯冠军抽奖券！	押中加送世界杯冠军抽奖券！	押中加送世界杯冠军抽奖券！	押中加送世界杯冠军抽奖券！								
TXT_Pack_Name_892107	AI		西班牙	西班牙	西班牙	西班牙	西班牙	西班牙	西班牙	西班牙	西班牙	西班牙	西班牙	西班牙	西班牙	西班牙	西班牙	西班牙								
TXT_Pack_Desc_892107	AI		押中加送世界杯冠军抽奖券！	押中加送世界杯冠军抽奖券！	押中加送世界杯冠军抽奖券！	押中加送世界杯冠军抽奖券！	押中加送世界杯冠军抽奖券！	押中加送世界杯冠军抽奖券！	押中加送世界杯冠军抽奖券！	押中加送世界杯冠军抽奖券！	押中加送世界杯冠军抽奖券！	押中加送世界杯冠军抽奖券！	押中加送世界杯冠军抽奖券！	押中加送世界杯冠军抽奖券！	押中加送世界杯冠军抽奖券！	押中加送世界杯冠军抽奖券！	押中加送世界杯冠军抽奖券！	押中加送世界杯冠军抽奖券！								
TXT_Pack_Name_892108	AI		埃及	埃及	埃及	埃及	埃及	埃及	埃及	埃及	埃及	埃及	埃及	埃及	埃及	埃及	埃及	埃及								
TXT_Pack_Desc_892108	AI		押中加送世界杯冠军抽奖券！	押中加送世界杯冠军抽奖券！	押中加送世界杯冠军抽奖券！	押中加送世界杯冠军抽奖券！	押中加送世界杯冠军抽奖券！	押中加送世界杯冠军抽奖券！	押中加送世界杯冠军抽奖券！	押中加送世界杯冠军抽奖券！	押中加送世界杯冠军抽奖券！	押中加送世界杯冠军抽奖券！	押中加送世界杯冠军抽奖券！	押中加送世界杯冠军抽奖券！	押中加送世界杯冠军抽奖券！	押中加送世界杯冠军抽奖券！	押中加送世界杯冠军抽奖券！	押中加送世界杯冠军抽奖券！								
TXT_Pack_Name_892109	AI		西班牙	西班牙	西班牙	西班牙	西班牙	西班牙	西班牙	西班牙	西班牙	西班牙	西班牙	西班牙	西班牙	西班牙	西班牙	西班牙								
TXT_Pack_Desc_892109	AI		押中加送世界杯冠军抽奖券！	押中加送世界杯冠军抽奖券！	押中加送世界杯冠军抽奖券！	押中加送世界杯冠军抽奖券！	押中加送世界杯冠军抽奖券！	押中加送世界杯冠军抽奖券！	押中加送世界杯冠军抽奖券！	押中加送世界杯冠军抽奖券！	押中加送世界杯冠军抽奖券！	押中加送世界杯冠军抽奖券！	押中加送世界杯冠军抽奖券！	押中加送世界杯冠军抽奖券！	押中加送世界杯冠军抽奖券！	押中加送世界杯冠军抽奖券！	押中加送世界杯冠军抽奖券！	押中加送世界杯冠军抽奖券！								
TXT_Pack_Name_892110	AI		埃及	埃及	埃及	埃及	埃及	埃及	埃及	埃及	埃及	埃及	埃及	埃及	埃及	埃及	埃及	埃及								
TXT_Pack_Desc_892110	AI		押中加送世界杯冠军抽奖券！	押中加送世界杯冠军抽奖券！	押中加送世界杯冠军抽奖券！	押中加送世界杯冠军抽奖券！	押中加送世界杯冠军抽奖券！	押中加送世界杯冠军抽奖券！	押中加送世界杯冠军抽奖券！	押中加送世界杯冠军抽奖券！	押中加送世界杯冠军抽奖券！	押中加送世界杯冠军抽奖券！	押中加送世界杯冠军抽奖券！	押中加送世界杯冠军抽奖券！	押中加送世界杯冠军抽奖券！	押中加送世界杯冠军抽奖券！	押中加送世界杯冠军抽奖券！	押中加送世界杯冠军抽奖券！								
TXT_Pack_Name_892111	AI		西班牙	西班牙	西班牙	西班牙	西班牙	西班牙	西班牙	西班牙	西班牙	西班牙	西班牙	西班牙	西班牙	西班牙	西班牙	西班牙								
TXT_Pack_Desc_892111	AI		押中加送世界杯冠军抽奖券！	押中加送世界杯冠军抽奖券！	押中加送世界杯冠军抽奖券！	押中加送世界杯冠军抽奖券！	押中加送世界杯冠军抽奖券！	押中加送世界杯冠军抽奖券！	押中加送世界杯冠军抽奖券！	押中加送世界杯冠军抽奖券！	押中加送世界杯冠军抽奖券！	押中加送世界杯冠军抽奖券！	押中加送世界杯冠军抽奖券！	押中加送世界杯冠军抽奖券！	押中加送世界杯冠军抽奖券！	押中加送世界杯冠军抽奖券！	押中加送世界杯冠军抽奖券！	押中加送世界杯冠军抽奖券！								
TXT_Pack_Name_892112	AI		埃及	埃及	埃及	埃及	埃及	埃及	埃及	埃及	埃及	埃及	埃及	埃及	埃及	埃及	埃及	埃及								
TXT_Pack_Desc_892112	AI		押中加送世界杯冠军抽奖券！	押中加送世界杯冠军抽奖券！	押中加送世界杯冠军抽奖券！	押中加送世界杯冠军抽奖券！	押中加送世界杯冠军抽奖券！	押中加送世界杯冠军抽奖券！	押中加送世界杯冠军抽奖券！	押中加送世界杯冠军抽奖券！	押中加送世界杯冠军抽奖券！	押中加送世界杯冠军抽奖券！	押中加送世界杯冠军抽奖券！	押中加送世界杯冠军抽奖券！	押中加送世界杯冠军抽奖券！	押中加送世界杯冠军抽奖券！	押中加送世界杯冠军抽奖券！	押中加送世界杯冠军抽奖券！								
TXT_WC_Guess_Title_32强	AI		胜负预言·32强	胜负预言·32强	胜负预言·32强	胜负预言·32强	胜负预言·32强	胜负预言·32强	胜负预言·32强	胜负预言·32强	胜负预言·32强	胜负预言·32强	胜负预言·32强	胜负预言·32强	胜负预言·32强	胜负预言·32强	胜负预言·32强	胜负预言·32强								
TXT_WC_Guess_Title_16强	AI		胜负预言·16强	胜负预言·16强	胜负预言·16强	胜负预言·16强	胜负预言·16强	胜负预言·16强	胜负预言·16强	胜负预言·16强	胜负预言·16强	胜负预言·16强	胜负预言·16强	胜负预言·16强	胜负预言·16强	胜负预言·16强	胜负预言·16强	胜负预言·16强								
TXT_WC_Guess_Title_8强	AI		胜负预言·8强	胜负预言·8强	胜负预言·8强	胜负预言·8强	胜负预言·8强	胜负预言·8强	胜负预言·8强	胜负预言·8强	胜负预言·8强	胜负预言·8强	胜负预言·8强	胜负预言·8强	胜负预言·8强	胜负预言·8强	胜负预言·8强	胜负预言·8强								
TXT_WC_Guess_Title_半决赛	AI		胜负预言·半决赛	胜负预言·半决赛	胜负预言·半决赛	胜负预言·半决赛	胜负预言·半决赛	胜负预言·半决赛	胜负预言·半决赛	胜负预言·半决赛	胜负预言·半决赛	胜负预言·半决赛	胜负预言·半决赛	胜负预言·半决赛	胜负预言·半决赛	胜负预言·半决赛	胜负预言·半决赛	胜负预言·半决赛								
TXT_WC_Guess_Title_季军	AI		胜负预言·季军	胜负预言·季军	胜负预言·季军	胜负预言·季军	胜负预言·季军	胜负预言·季军	胜负预言·季军	胜负预言·季军	胜负预言·季军	胜负预言·季军	胜负预言·季军	胜负预言·季军	胜负预言·季军	胜负预言·季军	胜负预言·季军	胜负预言·季军								
TXT_WC_Guess_Title_决赛	AI		胜负预言·决赛	胜负预言·决赛	胜负预言·决赛	胜负预言·决赛	胜负预言·决赛	胜负预言·决赛	胜负预言·决赛	胜负预言·决赛	胜负预言·决赛	胜负预言·决赛	胜负预言·决赛	胜负预言·决赛	胜负预言·决赛	胜负预言·决赛	胜负预言·决赛	胜负预言·决赛								
TXT_WC_Guess_Desc	AI		预言绿茵胜负，赢取冠军抽奖券！	预言绿茵胜负，赢取冠军抽奖券！	预言绿茵胜负，赢取冠军抽奖券！	预言绿茵胜负，赢取冠军抽奖券！	预言绿茵胜负，赢取冠军抽奖券！	预言绿茵胜负，赢取冠军抽奖券！	预言绿茵胜负，赢取冠军抽奖券！	预言绿茵胜负，赢取冠军抽奖券！	预言绿茵胜负，赢取冠军抽奖券！	预言绿茵胜负，赢取冠军抽奖券！	预言绿茵胜负，赢取冠军抽奖券！	预言绿茵胜负，赢取冠军抽奖券！	预言绿茵胜负，赢取冠军抽奖券！	预言绿茵胜负，赢取冠军抽奖券！	预言绿茵胜负，赢取冠军抽奖券！	预言绿茵胜负，赢取冠军抽奖券！								
